sha256,modify num,add_edge,rewiring,add_node,delete_node,node num,edge num
00216ADBF965013E945482BD8C95421DAEB45E7DEB9725B4E5B528F2714CDE92,1,0,0,1,0,1032,3128
003D21F55E4FE0A07500F508193FD1CCEFAFD6B5B51B4A72FDDF2CE8BD380119,291,83,94,70,44,1194,4226
007603E1FF7C07E00EE62B0A375D2AF119A98CC54A53FB4034A57F9230CD65B7,71,10,49,10,2,1385,5386
0085A90B92A00377111E89E19A9654495B238A0BDC35FCBD76C0AD981435AF3C,1,0,1,0,0,1160,3444
008B203450A6A9781647D8B9D399A147ADEF4C9ECCE7A5D57911FEA0D184B492,1,0,0,1,0,1057,4926
0090158DB9CBDA2BF84A726BC42CC2FD8281DE2456A8F4CC5726D060B1063D26,1,0,0,0,1,2601,10232
00B319A97E9DAE1BD7FC0CE3A927D1CFB3A103AA65920180634FEF6302D13B5C,3,0,0,0,3,397,1017
0128618B3CE1CA23E0FA13C812487C10B313FB5B1B27C56A74DDA3A088FC731C,1,1,0,0,0,413,1148
019F2F9FB1EF179302C719165E521DC2EDDDD5EE1EB685A7B0A477DF19C096C9,28,0,27,0,1,291,742
01DDA7909D909CE7DFB37E61A1C80670D9775AF921DE9E8B94E46B34C4BA5AAF,1,0,1,0,0,1549,5769
0247309695731C6CEDAE159FF6A12AB445F4818D9D86A76E66D88D154FAF2D1D,1,0,1,0,0,1884,9040
02542C284CA7494A2000DE5EDC0A614ACDD1FCEAB5D71C2DD378F23F3D2E31F4,1,1,0,0,0,926,4539
029967694F3A9F9BCDD143723735C37E687DF92D46EA3F5A40FA680E24668E99,1,0,0,1,0,1652,6007
02C2336D6893FEE5B7F6A23B06E370F55DB35215D9762A0BC5A2B49BCC025C6D,1,1,0,0,0,1757,7792
03044D62861E1ECA5ECEFE7A59E4E75579160C0E0660140681BDB57D31B829A8,1,0,0,1,0,1429,4958
031C407AF54D7F6C538DF7951A42FA46AFA909337153CF94835A17F7B2441170,1,1,0,0,0,1878,5737
03259A1228E3AD616F10C2370B8C142A8D20132505FBC5CDB5137322A8A03FC6,1,0,0,0,1,824,2960
0337CF34FBE67EAA26DF35086BD1378C04039BD8A82082DF1ACD8B1427FB118B,1,1,0,0,0,996,4112
033C615A6F686A856583DBBA3356D56CD5874FD59317808BF9B6623B0CD56B32,1,0,0,0,1,931,2946
03A4B955A0B62C53B2227AA7654268BBEDE9586498AB7239AB31D81CCDDEDEF1,5,0,0,0,5,3972,20140
03B4B16CE34EDFC7EE557D7630DE3F951D08FBD57AE6BECA7D1A77E858B7EE1A,1,0,0,1,0,1457,6360
03BF6830F95C3580DAB4A7E9057AD19B32ED13910A5B70B203C0289849A06F93,1,1,0,0,0,504,1344
03D54E6218C13DC7190668A34C333D736575131FE6B6B8A5146E80CC0A27ADB4,1,0,0,0,1,1539,7434
03E31F26D7D90AD66B193479356AB4D35DDE4F8F92DD5845B52B690A3986DB3B,1,0,1,0,0,2475,11785
03F29DAF62963C31E793DAB9F4D7898181DAE675F000F55FAD692B2642D9E4BD,1,0,1,0,0,712,2920
03F78971ACE5675220E779398DA1A4CC5F0C62B190D1C24DB0D1D03FDCE97B90,1,0,1,0,0,904,3133
041F08DAFAFB69D299742DBB48B2D0653BCEE7F8E570982B9244D7788CEB10AD,4,0,0,0,4,566,1886
045BBDC7A14841E5DDAA1E4942D3F17FE5508CB7C00A05D48CFD40915ACAAFC7,1,1,0,0,0,1237,4341
0469EB51E8157575087EB95744B11B913B5D9042621710E91C0A198A69430240,1,0,0,0,1,1757,7792
0482D0C213C6F1392EDDA038260BCFAF661C9EF1E927B2F80502E4A42E948990,1,0,0,1,0,980,4033
04CD4FE03381728E5E71BB6B3EA9732D3FD7CD5E018F4A5C7F394320AA3B5513,4,0,1,0,3,820,10548
04E871C0CA8FF5851FEE37A591535BFA8189649339E9E1BFCE68AE44A330D0E4,1,1,0,0,0,1225,3812
0551CA5AF36475784B0FDDBB664053FEC8AB1C92B9A98AAF86B6DC6F16210EFC,1,1,0,0,0,535,1691
057485738BD61372B9699B597CB30432ECF5ED306BE4BCB2BAEB8B3B9D0F1775,1,0,0,0,1,1231,5153
05AF0637308DDEBC0A0478D9F1A956522F20F62307F09AF6C3F6FDE0833E3D76,1,0,0,1,0,512,1930
05B910ADA78CDE7EC7AA5F273C91C2851AA2829D3BB28D9290A662A2001038FE,1,1,0,0,0,797,2351
063074AB87309755797E5A445C17954752D4DC277FEE6B18ED9D925DA9A249B6,336,70,134,76,56,492,1252
0636E0C2A7F641A7B9C99A2D1785D40B8B40D8F711BCAB33809C19B2725D41BF,1,0,0,1,0,1757,7792
06475F99CBD6B7BF6F1BB97FDE7B457B672017CE9B98AB7DBCDC2F51C276C62B,1,0,0,0,1,844,3178
0651B73BBBD38665A59AC1698DF369171DC189D7D371035E9DA38D9EEA961396,35,0,2,32,1,791,2427
06A4F78AAF72CAD639986044CD43ADA4B6D101CD9AB1024C2FBEA330EB4AEE1A,1,0,1,0,0,1086,3371
06AC5459354A55BF3DC434222E2FF8CBF83757FE1967D2E496C3D5F3115C2B58,1,0,0,1,0,1649,6578
06B562EFE6F4D5250131BDDC534592D648BE228FA41E47237CE51B72F317FFE2,1,1,0,0,0,1757,7792
06D39C061ACCB416FA8F01029B44548B0740DB5E25B92A458AFE68AD6D4F2AA8,1,0,1,0,0,933,2635
06FE28040F0FF7B1247CCC209AC297B1C6623549E1CC19251ECBE18A54B6A2AB,3,0,0,0,3,489,1519
070D826719B9BD2065F782DE92693FAEB6D69AA7D1F1B5D2DB563C6C6EA441EC,1,0,0,1,0,369,840
071057C3E5F6528587760A9E7D7E6A6173E7E2E35A49B4F523A72A03EF1A76A3,130,69,16,27,18,1594,5961
0714306D4F035D0B3FE710EE97F1818905FDFD2FCB8BD115E72FC4ACE4B69607,1,1,0,0,0,3256,17202
072BA3B627375459B55EFB3ACF9DB88DDA32B9C6CD5446ECC877019D61548A7D,1,0,0,0,1,697,3216
0757E027E03317AB3B8840F185DBE924D2EE8F603737F88FC3B78DB033F50E7C,1,0,0,0,1,931,3354
0797AFFEC7A7B7CAA8C24436366B81E91616A56510EE8938E105A1C4A739B167,1,0,0,0,1,1757,7792
079B72AF2060FF65ED5BE0E3AFD22B6EBAFDE29D8A7ED853629E455BE841174B,1,0,1,0,0,1371,6212
07A1ECADD76FD668D02E1A0965942551CDD40D5623CD1749873A9A05D39B25BB,1,0,1,0,0,325,858
07E3421CF78EAB75615D7B413F3370D56FDD5547BC64AE2CC51065B3A7C1E970,84,0,2,66,16,3714,20638
0815F36B5FF7E2C45A9BC06B3D3405E7C2D43486A9366C23FD2DE2DE54C95E74,1,0,1,0,0,968,4781
084253B7B6F9AEDF83FBB39DE9140353EF2AF2BB9E3DDD7399310424C0CB7D7D,1,0,0,1,0,1757,7792
085027846A3208CAEA765833710EF1AC2BF064607DE06819520157C575D3254F,1,0,1,0,0,453,2210
0874BEEE01B526B49332BD1A253463AA244DF5A5FFC147BA0E1816C55F859DDB,1,0,0,1,0,769,3338
08759D4F31146C75336A4A9FEAFAB23F12C084C40350C1AD702A2B0B2E327C40,1,0,0,1,0,573,1667
08773532E3520672EDF39010A88BBB3F4BF93F180867C8CF8183DC1CDFA9E34F,1,0,0,1,0,922,4532
08991DB2B665BF366E99929DB192ECF683FA2005433DC0F69677A9B36A51EA05,1,0,0,1,0,1371,6212
08A0D68A4742BC2FFA192782B3066EA7A546EA1A7B1EC4399B7EE722E17EBD86,1,0,0,1,0,2489,11658
08CFC78B14874BD201942D0BCE80A884EDB96BB81BD4EAC8ADD8E3D91DA3B6F6,65,4,6,50,5,1405,4220
091EA95239F9C7B9DF5C644E3EF48D9D750395AFAF77A6E1A2A3318567609C50,1,0,0,0,1,327,918
09240551BD4607C87D6016DEB717BD3E908ACDCEF9D600DB112DDB24D6CDE427,1,0,0,0,1,1283,4389
092E6AADCD46C350B9BF7F13975DFCEEC76A89D66D2F15544DC4001E20335F2C,1,0,1,0,0,707,2580
092EB59643160CCBEE23B678D8A2BD8C9C29141B919783589B92D7D2B8DC6454,291,102,49,51,89,1293,4223
0932F8D67F4FBA277AB60272E0D572C499897CC8D4020198E995E3C0CD620213,1,1,0,0,0,520,1733
0938A25B9B00C9C5246A7608C32471877BED2F906DADD6CDBC0BD904DD3CC36F,37,33,3,0,1,4540,18101
0966F23A3CFA94A50764C081BE1EE95F2DE1F90E71CB0DA15641204668B399DD,1,0,0,1,0,1423,6290
097C360EEB19B205E2339CA6F1AEA7E945DDD3D5D326304664BE10201138315C,1,1,0,0,0,1205,3302
09823A0DAB88C579214053E13C1CC6C3CBC2E6BEC610A16CF7A5A54F29441513,1,0,0,0,1,183,301
09D0A151AD88C057ADDAD58550FFC33B55BCD30B5A69DFAD98968885FE94ECBE,211,83,52,43,33,1153,3924
0AB8153932E58B552EE85098A96CABCBB85B63267F554C7D8F81DD7954CA63BD,1,0,0,1,0,433,1200
0ACA8EEDBE8F23A25A2832F89152C7D21AF1545BCF38B72EFD794F681F0E33CC,1,0,1,0,0,1972,8737
0AEAE6B2179D71AAFED395331F4031C8D9DDEE02288E17A57B2AB2A24AFC5021,1,0,0,1,0,1757,7792
0AFF4A2737F1B8D83235D9C1343CDEC73F19F6BD11B239F9B79F08D9979EDBFD,1,0,1,0,0,1512,5536
0B21EFE6D7B34726A328FCD9CF03A41D86F650C7E433F2F8D48A6AD875773C90,1,0,0,1,0,845,2261
0B232EFB2311F7DE31F6C5F22E66387088CB893B446BD17F927D0DCD079E2C5C,226,54,79,41,52,412,1926
0B4490B893AB1CDE809A2F659F121C0D30CFA32EA1F3D64E3328F465AFD7F713,1,0,0,1,0,1227,4316
0B6970403ED517D426394FBCE05882F775C8DF55B04282C77CF8EFA54BC1798A,1,0,1,0,0,745,2580
0B704599E4E2F9BCAC34E086F929A9E100F31A9B65C995B52F4A7CDAE5579C99,1,1,0,0,0,899,3101
0B776E0392BD114EEE7C16E4E244F4A2C5D52C9056222C93E39F53DA0802542E,1,0,0,0,1,1170,5893
0C0ED474266597305DE77BA97742FD2F1100EBF01E3F74F538DC745C75CA3052,1,0,1,0,0,917,3242
0C517F6B1E8503D6E5E7FE5853074C1D29A1C51167391469CE8966222F3F0BFF,1,0,0,0,1,1773,7810
0C54F070D8D96C048DFE6010907F3D5DAD04069EB79F9528070B375DCC474197,1,0,0,0,1,1757,7792
0C592DE9FBCF94B7DC5046EE794F283EBA6497C8733F37687BE8CBAAD3C514C4,1,0,0,0,1,1757,7792
0CC42BB700A751A06B003ACF59A98C258683CA5FD8680D40AF774A90E08BAB3B,1,0,0,0,1,1757,7792
0CC7689CA09204223B9443A502D56E44A3B62530E9338D603D589CEEEA97E11D,1,0,0,0,1,1757,7792
0CCD7CE49BF854DDA25EA3D4AEC3592BE29F81ADEE7A24A89A910247D3AC991F,1,0,0,1,0,733,2454
0D2551B92AAFCFFBCCF3CA1286F5F41BC66D6C6E1AA56EEA0B7EFB38F013C7EF,1,0,0,1,0,819,3266
0DA681C6A49A5B785A93E135D19FB23FC11E8DA13D048F23123AAC100698BEE4,1,0,0,1,0,1757,7792
0DD696CAE9F5FC107BAC087165A9FB11CD30349541C80780294EBCD4AD86E64A,1,0,0,1,0,761,2355
0DF46B9FC3120195BBDB683697610D1B95C0758837F979C9B1E76A6E74D91D06,1,0,0,0,1,979,3309
0E053D49D46D8566575C06F15DA7A33A451AFC2E53DC43CA40FCAAA6F1229220,1,1,0,0,0,1399,5348
0E1D26E0C112417A5B1B1062C4B04FBABA0A300A70E3774D46B5A353AB4F5A67,1,0,0,0,1,729,2715
0E509A26D29430E1C2CB4BF89FFB511623E07236D81CAECFE7834F9E4F946E08,192,45,75,40,32,887,2497
0EE890992FF04D9B0AAF0BD245574B865D76074449C375ADC67EC9750005EB0A,12,0,1,0,11,601,1624
0EF94128C6D8AFFDAE0E007AB14A8536ED89B63471C37592512A344537BA9226,1,0,0,0,1,894,4367
0EFAC49EB4CC7F26246EFE698B069C1B4CC22392AAC00C6A441466C1FDA9B149,1,1,0,0,0,1211,4369
0EFC2D1648650412287D7BBF05E2F897F0F3FC3C35ED8004B19DCC646D26D5BD,1,0,0,1,0,1757,7792
0F7A047F376F8F8F7240FA6330196D217BBAC34DFF5C3FFCC4B3E7A8D1689D43,1,0,1,0,0,583,1959
0FBD58C03DEED9D19125ED94213E97889DD984B3577398110F6D70EE00AC5FCA,7,0,0,6,1,3724,19827
10032DC19F609ED8B7577A5620C87A1BD9605EF0B12654E5983982CD640C0D89,1,0,1,0,0,506,1175
103439C6DE164058F86CB72499B1F96CB79476D8D64F896FFA71BC2CBEA1C8E2,1,1,0,0,0,1757,7792
106B0CA22E12DEEB74FB88378F73A3D3403A8451231924F1593334CE43696DC2,1,1,0,0,0,1757,7792
10733E11046FCA04EF6C0FF5C433F0E1861454167448BA826480F25135A40031,1,1,0,0,0,595,2031
107FF43836156F52CFDCDA781258E017852DCE5B64264D38F92A5B220C2B7F88,1,0,0,1,0,1001,2785
10A612C88FCD6D2790ED85047325209F514C6AAAAB72DBD4A5922B51C1BE4687,1,0,1,0,0,503,1927
10A8A30E1EEF6B0725401BC81DA43B4565C5CE019208DA5325D587A36D5CC033,106,0,64,23,19,1261,6116
10E8587197A34E1D5A9BD1AFCFCD3CDED05B229410964C6E6AC2F4858E302F4A,1,0,0,1,0,1757,7792
1122A4F0071F7521843E1D1B3B647748CE695B102FC1E0F453E4F59B82F91CEA,1,0,0,1,0,1757,7792
1125DA797C35480AEEF2D279C39DBF473C189754610EA0F8EC6D694E6DC0F33D,1,1,0,0,0,858,4116
1146E8CCC7257EF10D14C0565810FAE7F6D2C9BE95E20877F2171094F7934E0B,1,1,0,0,0,2895,14092
1149CB196CF0E0588B4FCE8F2E00A2492A5FCA5A6D2E7D63A1D206D5F6D4DF81,13,0,12,0,1,1096,3257
1191E801AFD8ECC9D28565036DC64962EA2C631F3D1FC5437340620949B6A39C,1,0,0,1,0,1757,7792
11BAC59332225614E5D464F1CED87BB2AE0FE71EB4FD2D4EC734BA51071C85E2,1,0,0,1,0,2468,11562
11C00D246153D3BDEACE1CB4FC6C96FD531D833D7B534D37A3BCEB510D141F4B,1,0,0,1,0,1757,7792
11D914F92CB565C28BAD2F63D9776774DFFA23C14AF70AD77DEA02971F58953B,1,0,1,0,0,1371,4965
1237FEBE3D00AB2F73AE440450CF20477FBDF529A0452AA022FEAF554C09DAB9,1,0,0,1,0,3203,14812
127E98C961AE8EC70E060D39E543A14848640F87395A97EEE420603F43253B21,52,0,2,49,1,2457,11507
1367FDDAC735D0EC46C9E5528908B04ED899804D3044B0F3789D7C69AB5F7939,2,0,0,0,2,1180,3678
138043DF6184026DDFCF4BBFFCF730FBAB1FA535F67AB47923A0D630F3E25D4D,46,0,0,46,0,1030,3365
13B506EC67A6920465F88F446EC5EC3C7ACCAA0783EB263CE51F90651325F837,1,0,0,1,0,2626,11656
141816677CE6D6620C0B76861673F0DD1CCB14D18D91A01DDE0D5BAD17072C4C,35,0,1,0,34,723,3227
14B5232E97959AB69199272C87D70F392F39935D19276BEBA9AB976D1E50FAFB,1,0,0,1,0,1861,7899
1515982D18FB69B086F038C1E320626E075CC3C303F0C21C94E9766FCB59AC09,1,1,0,0,0,846,2360
15332577806A988740428D43787754160C83488E55422F2E0DDA054C39A042E4,1,0,0,1,0,917,3242
1556DF7FF79756F9743A5599C51E451C42ACD1D1CDA89BEBEE33E782BC598C92,18,15,0,2,1,375,1265
15DB53D6CC0EEC1A456A43D8B873C83BA69E83D876A90BE07A64BDEE9945FD12,1,1,0,0,0,969,3632
161E314A9683EA4356678117D006913285A9283F4F0B974CFCEDCC09838DAA1D,1,0,1,0,0,1757,7792
161FFAE9FA90836300DB68345AD8FB9CB577736E46999A51DAF5FD83789F147D,1,0,0,0,1,1773,7810
1631D5E54547BA3B709B957E21E6139052C65C047B52BD2FE4E24DB2A4414A66,1,0,0,0,1,2476,11810
16353E1EDDDDBE70B80A2EE9D02480AC291D841788D20B0441BA1F8AD14A4FC5,1,0,0,1,0,2292,8335
16A987CC05CE83641C087FD540A06AA72921207FB8DA22F2E00C20D7F0CF9864,1,0,1,0,0,865,2812
16EC3052996E1C3C9FA434DE50EA95CACF078756F0D2E8CE1510F48FC92C6D19,1,1,0,0,0,850,3035
1720D9A10A0ECDD5B9459350B46F078C023140296BDE4F6F7BE6A5FD158093A1,1,0,0,1,0,1757,7792
17324DA99A381B6070B64BE1F3364FF7C6CEAA8EA693CE4AB18FC12310352497,1,0,0,0,1,597,1342
173455BF5C52FEEF5BF9FBA8B2708EAE3D97EDDCDF471C2A3480CDE199E63A1F,9,0,7,0,2,496,2714
1765958F502BC395F73C7125D388D7AFB25E272D823B1EDBFFE40E5832797462,1,0,0,0,1,651,1966
176B7461C20D89273DD59C28C02C3F6184500A19F685ACF781CC0994123F7D2E,1,1,0,0,0,489,1679
17B815C2834B269842B5413422FBAFDCDCBB5743708066E471E70B44F7B449ED,1,0,0,0,1,729,2713
17DE25621BB84CE4D53A00AA003D0161883F7742D92237413EC165B27AE2E987,1,0,1,0,0,922,4518
18021E069E5A8275337086E8C428F055978868412D96F7B75833294AAB8DBF7F,1,0,1,0,0,212,464
18FE62CC9E1F74D541884755A0A6F493FC91FCD457BBCEE59C7E16A5458BBD55,75,11,54,3,7,570,1464
190F80E88CF55B21DE68C3E6434C251503975A8A292AD3A799491130AD076172,297,123,49,70,55,486,1510
193CCE41270EB71AB117CE4064EC8ABF69B0EC849840F7C929D97322240E5C8B,54,4,0,49,1,828,3265
194A366FEDC12698B8CB3975491D00D84A4AC27E5C3521A5BC48B93065388C53,1,1,0,0,0,2532,9489
1968E8AC04E65E6C200EDA249B5B92F836DDBCAF5ABCFFFED1C2E04B471E6895,1,0,1,0,0,1053,3475
19A66537510A1D772AEABEBE47427D84F8657F21C59DE098F66A5F1AE0041439,1,1,0,0,0,1760,6996
19C14D68FF6490AEC8AFBFA9E132A7862C0393CDE37652B4D9F0B26BB13844EF,1,1,0,0,0,2125,7234
1A034BC86DFE0C52F668CA7405CD98EAF0F558E374E8A92E8203C5374C4D869D,16,0,0,16,0,1068,2832
1A22E37C470583965185CC742A95582239DA5E27153EEE38452756ECD0E9614D,1,0,1,0,0,1158,5181
1A69BCCAF5567984F436529A5A3A576336D63F0C2149A5111D23A767DF9D6F32,1,0,0,1,0,213,461
1A9E38BFD572C55DC28EDB95432EB80B63BC18D18302098C1E6101AF800FBA0F,1,0,1,0,0,541,1243
1B07DE0AFEE0951A5B05718AE7453D9513A5F111C90564B2C4A1476BC191AE45,1,0,1,0,0,1576,7082
1B3581C453AAB20D751EE8257F7F55AB0AFBA03B7F458D06E8D9DA83BC717C69,1,0,0,1,0,1048,4408
1B7BA4CDF9AC35BDBBF2EC45F9454ECE5252DAB9C4B6EE02085A7C78AAFA1899,1,1,0,0,0,747,2350
1C2ABBA3E925755B621508FC082A6EC31469DAB7BE4DFC2BD7C909DA962647D3,1,0,0,0,1,716,2128
1C3B07125748256705E75892B7611A90F70187025B40F89B6AA7DFC054D083D5,1,0,0,0,1,802,3327
1C8107D82833C2F21B4AD11C12B6285C4D4C2A033D578017D1603FFB801AD6E6,296,75,60,113,48,896,2521
1C9BDBD26F76A752ADE741C77A74A8255C4AB9C5974856AF27BEF98F644B25EA,1,1,0,0,0,1426,6052
1CB3F1A8FEA0338B22167BC9BB530B2271B138EEAF4CA0D1E95B5F78096A7817,311,84,70,92,65,1197,3668
1CE4BD7C5E9633E073007CE4CB244F68140861F4B6318F1BF2FD05F8D00D1CEE,12,0,1,10,1,433,1235
1CFAF3F1F985D5D188C491D2E70CE72D95042B5B86B50F589EB5E0FA637221EC,12,0,0,12,0,489,1519
1CFE6C122F4DCA30BAB1796D15C5C14E9FC6C18102246DE1500D5602DFC3B977,1,0,0,0,1,1773,7810
1D3F519574F8644F2D79F26417822636EFDC7F50D6AA136F51FFDC59925F3B26,1,0,0,1,0,3372,18079
1D5DDBC2A8B0145141C7C80826741B35CA963F05E52CBC09EA3A057254581AB0,1,0,1,0,0,903,3127
1D6C8AA33F7463A69B3D571E58E224560C7103259B972500DBD8A45C05BBCCD5,1,0,0,1,0,1202,6077
1DA4D69FD2AB764B74837E8B57F044C9BD920306A65EA069CAF92DA455F93E0D,1,1,0,0,0,482,1483
1DF910F43B4D730E361A4B5147BFF6E04EBB39B27859040FAABF35EFAE385380,1,0,0,0,1,516,2231
1E06FD3B157645291CA49E4D23A31360A113EAC33DF97C65C3C34EA0CD9A25AF,5,0,1,3,1,1425,3925
1E12ED5CDB5A0D10AD54477AB57CFEB6A7E86AA853AE723FA3E0D1B04A3C79E0,1,0,0,1,0,799,3020
1E1D19562E52B26BCCC0A842C553DE0648DF4BD48486FD4E40FC13CB156E877A,1,1,0,0,0,1637,5270
1E323A0CFFF45643DCD5422FEF5E4178F92DAFA1710ECD9F0F0704ECF7842DDA,1,0,1,0,0,717,2788
1E341639E3C17477C5E12EEA342DE30CAE7893BC27B576EE13A0FC0D0406B395,1,0,1,0,0,936,3384
1E37E8686FDB486761B70C38783F28EAE91E5A630B3B29C50AF90F85DFEAE029,1,0,0,0,1,1191,4999
1E3C80FA4B9BEDB25E290B8F6EEC848CB84B8E7281CB33B5B45234987899237D,1,0,1,0,0,4337,21815
1E40FDE17F3047685664336C232582BBA935E36497481B2099ACC1409601C2DC,72,1,8,58,5,1161,2950
1E689C4282E5EFDDB9D834A33C7446D8195B5CE841F20E7C04908AF24ED919AE,1,0,0,1,0,1319,4826
1E789ABF1A43E4A73A02FA7FE469CB0285DBC5C1FCD552B7C281C3E70DCB044F,1,0,1,0,0,966,4878
1E89E4054A52C4D38CC7D40C7955D6CA87E3A6404C4BD561847CC9D061D752F7,62,9,1,48,4,1749,6122
1E8A9143F243A2DC238344069A50F1FE44648C0C6A9746F7F54D785D0BAB2F24,1,0,0,0,1,806,2171
1EB5A1283C4E2804F4CC92035A5E1F085CA33AE6BA440C94F728D80F32B6373C,31,0,0,2,29,395,1061
1ECDD4DBD954A0A0DEA7E797E0C77E2D2E6C765F89263AC63A2C442F47C254B5,1,1,0,0,0,729,2713
1F06E6AF85AC0403D5D9AD4913A220119314C9BC53E497F7885C3CD131C454CB,1,0,0,0,1,1231,3980
1F1553D4F9E3EDEC53AD8122F40FF3E6B4AE4C624049E22EE885E7CE576BCC1F,1,0,1,0,0,1757,7792
1F22A83E3A1E7E6748CB7F9E7FE4547E9F8B085025177437A4DC64B3C001B1CF,3,0,0,3,0,231,482
1F5A0CED4278D3AC018A69D3E3F7C7AFED0816AD830AFAE841F0EBC0A4CFA00B,1,0,1,0,0,1139,3452
1F8BA9B235F4369C38605586AEC4E0778FC79F4F6579F1EECC8BC57734C89445,1,0,0,1,0,354,1082
1F904BC428FAB07319096E2FFEEFE54B5101A8BE6656C25DF376DB835456CB9E,1,0,1,0,0,3761,19645
1FE529CB4567B73DF219E3DE436944FACE12B450CE76573D12AA4FED6637AAD5,1,1,0,0,0,472,1454
200AB8F007FE1435CE8EF74E267E7868B7737391901DB4F1B384ABF677D034EE,1,0,0,0,1,2152,7488
200B68EE9E4B6F9BD685BD86A5DAF598534422496AAE7A267CA93967E01028CA,1,0,1,0,0,274,561
20164576E6C87A283E428B12A6F0F2DB3685273F4BA9271244E455B657CC3960,1,0,0,0,1,1405,4893
20184D50BADA511ED7C3E7557069C0A3476483F872DB714EC98A16C368CE28AF,26,0,0,25,1,986,2823
204D6382C983BD79469F70A12A15E3AFFF2019CEFBEC13A80989B2BEA888629B,66,0,1,57,8,1295,5254
2054169E75895A5FEEAA5904AD7C2082840C14F95A81C2875E37C10BD13FFF7B,1,0,1,0,0,1647,7709
20C9E2B8E94EB46F1B180AE426E1D9D3E0447D708742A25EC0DA925C655F2D5F,1,0,0,0,1,1231,5153
20CA3370624ADDD47EBF50D1D9E87ED5E48AD6F5C4F3B2325137C78C9389A9F9,1,0,0,0,1,2366,10210
20D24D950EC00984778521D25E42D9D64B5A0FD4F38E628F13D2EBBC019EDBA7,1,0,0,1,0,1131,3957
21501A64946D5C694474672E8B8877E26CBE6DF265EB8EAA3D4D6B2980E3CB47,2,0,1,0,1,861,2694
21535B841DB2DF9262BBFB001D4B42460FF253A4C87F15BCB5F7AD9B3A13284B,1,1,0,0,0,1146,5725
217B23B18C95A0AB069437EF02D20CF97D0C0AB31BB1EC277FDBC04DA3B3E2AE,1,0,0,1,0,1285,5053
21AFD59C312D5E2B670C2153FD582DD68FD673F46847AA6EA031A0E81EDCC759,11,0,0,0,11,1309,3352
21DCD1E987B427AFE796536B6674B8BF1D3E5EB8A0856F069CB9FD6B2360B4D9,1,0,0,0,1,1405,4893
220E8E6E71BA80DEE23E0547409E68BEA2079B48D835CA3473FEEBA214801487,1,0,0,0,1,1278,3707
22A1A6DD9C8A32D72633722C8A80A8CD69C786F2A4694D5C37A6C8DDD185F0BD,1,0,0,0,1,569,1647
23120BFDDFC41DB8DB2ABDF98CBBF7B4C9A7F6BF361CE2444BEFAE6CDA427AC9,1,0,0,1,0,1596,4887
236396183D0A2DF2E31A44BD808B8876AD57804EFF7AFE81F8B136133CCF0475,1,0,0,1,0,774,4284
237FCB56C9248DBA396D3599972AF6387238B22FF1776E884BA3E4021EB3D00E,1,1,0,0,0,1200,5930
23B9413AACB609B296771713B8B56A0049D212D5B3331479DD6158D169047F81,1,0,0,1,0,4484,21011
23E0DC8A71F2069166A3FD59A65D8F6051B016521B76EEF0043F377185596DCB,1,0,1,0,0,1237,4341
23E2E8C3F947BE08882811DAACF86FB086CE26AD8831982745B81A65B465D5EF,1,0,0,0,1,729,2713
23F36FF64FA69E7D59AA538E6A2CE1F1AC236F44DD60C791D3FCF687EC83DDB5,1,0,1,0,0,1018,3564
24354DCBD843E6A45D690E124A2261B54F4823929E465F116B01058017CB1947,8,0,0,0,8,1623,4793
243835A0C1CF0931E9623FCDB5DC90765002423A8B9DC528FC5AB6C2DF04A7E8,8,2,0,0,6,231,482
243A90BE3577D7E62D7C4895EA0644B6B9FA51A0187B8713219FF0822E90E3FC,1,0,0,0,1,1067,3614
2448EEBA32C440B78BC55F0817A9D55C0CB4F965258B82373ED538C6C3B8CA9D,1,0,0,0,1,815,2912
24987332CF2F9D83DA9DDCB481F16E7E3C2C42C9ED003DD40A5444EE9051D1E2,1,0,1,0,0,432,982
24BEF243309217E0423A5C4936425BF7433040B4845E66C36A5745DD3FF62130,1,0,1,0,0,2258,9115
24E49CA698036D247BB49472FA1BC73481A29BC4E8EA727473CF862A84B25E0E,1,0,1,0,0,1304,3862
2503BDFB05D90E6A7207BA9D88375C332B8119C88C52750AC2C1698AB4CBE51E,1,0,1,0,0,573,2043
251EB1B37DA9985E3FD0304005AEFBDED2F7093A32EE1E438D015CC6419E2182,1,0,1,0,0,453,2210
2520B46C0A6C057CF652588CA96094ED3F9FEA9F616E87CAD6601D233DE15F79,1,0,1,0,0,566,1487
2534C63657B86D9898EB79073C5A72C612C033F4730EC5FBAE167685AE713FE2,1,1,0,0,0,563,2035
253D2FF9524B9900617F7079AACE7EEB104F4B5D48D3518D8BC3FE96279EA37D,1,0,0,1,0,1734,6417
2590451C6A05D6C02F427580988A233970236A7F6945CE5E63E76AD072247001,1,0,0,1,0,4559,20576
2594BBF1692F98E8C1A454A4CBE815A163CE975D652A5B676B769846E970A772,1,0,0,1,0,745,2580
25A774945ED2AF6E2A0503FABA5BDF6449BB69B9B0711CE998ADD3A3D210D1D7,12,0,1,11,0,1777,6589
25B799DFD4B11DCD6C7F82234042E4398D2CCA0D131B36EA75BA77C896EF3B00,1,1,0,0,0,1566,6452
25BEECE6B5834214EE0F7C90607CFF65CEF17E4ABFCCED7EB67B6844C9077903,1,0,0,0,1,1757,7792
2611FE0D9AAECAC66CACB318D2547A9F6B8D308F419CF24DDA66312C5D192CC5,29,1,1,27,0,474,1537
26244F5BC86D766ACD09016C8F3457E4E5C9D11B27E377A42F1AD016805E2D9C,1,0,0,1,0,899,3101
26BD3D87E3B644325D0E066A7B0790BBE374B732FA6481748D61DDB9A1617F86,1,1,0,0,0,1633,6685
26FA63AA551D135CF4A6DBB8401126FDAE5A09A5F2CE2DA62AF793FB19DE69C7,23,0,0,22,1,474,1507
2737B26CFECCD130FE717FC1468E6E7AD8917A98C45D3BD9D777F1D7750BBE36,67,2,53,10,2,1032,3128
273E6E873D9AC8B5BC3B3CECFF3D6CB5F34ADE804F7D3719E4D0A117CBB0A235,1,0,0,0,1,733,2378
27919C15BBADAAFF843B4F169621A4F04220DDFF9C6F872B2BC16D56AB3C4A75,52,1,1,49,1,574,1568
27C3EA8C6E0FA942E8C2D1F5E52A0F1C80AA9FE6A2F13E5B84E012AF2E5D37F4,1,1,0,0,0,912,2857
27E7182937B196A1F4DA4BD4835033C4CF011AD460D1B43882A5B6165BEAE765,1,0,0,0,1,795,2630
2813AD777E42F7180CE0F8B4512CB30832B661C7504384B3824E39B5E8D7D6DF,1,0,1,0,0,1757,7792
2819DB772A16E508DC8B743F40AF0E3966268C73B31CCB8FD4BDA87A7A745E01,1,0,1,0,0,1057,4926
285ECE22D6268804CF8D26323F3DDC1348ABF612BAA48A706BD6E5D0F92E0C5D,1,1,0,0,0,1092,4683
286263670F4C33AA18F1AC487F87797D1B2C59B81410D8F6D10684D719A58828,35,0,1,3,31,1952,7718
28981E6F571CAE05A6E6E253E5CE3F6805754E4EA18073C45F8990AA51086568,1,0,0,1,0,850,3035
28F108FD7A653FD3D9AC3FBB933CA3DC06EA4BDE60FC3B5B12F48E689E4447B8,43,0,2,40,1,1129,3778
290900797218E9BC3F37A91099EAABBF0F9471F5C97596E618524F0CB210D470,1,0,1,0,0,4173,22941
29255159791BD74E50EFD7DD404C790D12EC4AECD0A815BBCEC5E22A52FA3E71,1,0,1,0,0,1757,7792
295E1CA88F1AF7EE7C8D4A37C55DD7E7D9E0EA5929015492DA785208AEB4684F,1,1,0,0,0,1375,4763
295E84DEBE2F947898ADAF8B15C33E16D79B6CC506EFFA8318495630DEDB751C,1,0,0,0,1,1236,5091
298AA16DCC66F15DD399CF9F1BD16F24FBF89C50D4EE121ED9E19549DDF1A802,66,6,52,6,2,1542,6305
29A1A9AD9F65877989D7686BBAF3833A5C4F47148C819759567C5E130C42FDFA,1,1,0,0,0,2429,9394
29DEB2F45EDAAB2AFD88AA8F3F209294D54E588B50149383309DE7E4D50AE0BF,35,0,0,34,1,1228,6622
2A09C7416FE5CA92B577246EAD3C8F00D8F31725D194BC90A6F9CC5FD6E6AD6E,30,1,1,0,28,1369,4487
2A40CD864AA72862B91D976590A926B39AC9338765E0A41277C59B1F0F9288B4,1,0,1,0,0,1231,5153
2A65577A02C2978E25CB60E725E7F17CCEC0CDEC9B5A22EDBE2DFC82DD29FE66,1,1,0,0,0,1231,5153
2A6642A48B7B7C6C45EDAA9091EBDE8905A9CC6BA54446A5DCB2A8BD65449431,1,1,0,0,0,1773,7810
2A6CAA6331F1D60F8980BD648F6FE1A458D33039D51D9BA5186B080FBBBDFF63,1,1,0,0,0,637,1639
2A711E012200C654AA45C46588E42E9DA1763FFD3487B409FBCBC24A4E95558D,1,1,0,0,0,2111,8086
2A8299853A9312723D4D52F140D2D3C57302351ECB74966117442DF4736E86FE,1,0,1,0,0,998,5023
2A87964F5D403597176D421CA73696F3DBD64C197DE3A96FE0AAACCAE8D7E742,1,0,0,0,1,676,2658
2AAB0EA5103D2BF69AE9788008EDF2A675EDAE619AD480FB3428328F9B10B0DB,1,1,0,0,0,616,2117
2B145776F50F2E38A1DE7F172D6B4ED232385F91FAAB4BE2A604668F7FFF14F1,1,1,0,0,0,1552,6386
2B55802CA27DF217AAB50B5A9AEEE3445C2D219A6383966D496FF4A6063B5A7A,1,0,0,0,1,610,1741
2B6D6348E48186DE36A9D9A9B7C6759D43182C305F40CFC8CD44050F4B6AFB83,1,1,0,0,0,1706,6414
2B85AD8516F6D4D848BE5FE5E098BAEB436C91F4C70D3755B1872E5C5B3E3B76,1,0,0,1,0,876,3203
2B9F1C759553EB2550FA81DDEBFDCB95B0F66A43B39E1F30B75E53079B013B9F,1,1,0,0,0,322,588
2BA96AFF945CD77A8F9D69BDD0DF391FCDB2940D3431DF6264936FE0A0F3575D,13,0,0,11,2,818,2332
2BAE35A4B74D5790A2A6A9522FFB3D56542465EF6E0B3F5B8B68922E5EFF8820,1,1,0,0,0,978,3354
2BF681980BC758B61EAF9D18A24EB3D068BE885AFBEF9D851333B52B9CADBF5E,1,0,1,0,0,756,2537
2C04DED253EF46413E7DB3D5F4238C72745C3FFF203DC830C48C6C51C37BFC62,107,25,70,12,0,489,1519
2C11D2E7E6D6E6716F5E4DC1B6013D1710A19A2A97AB0EF70A2B60DC45537BB4,1,0,0,1,0,461,1326
2CA4B093EA77D1118EBBFF06F17B67BA365A0828F7D788271B388DE4BB4FE0ED,1,1,0,0,0,806,2298
2CB773781DB79CB0AE783457A1DBC4C1240447C433CF4EA5A6A6D8865283819C,48,0,1,46,1,1119,3608
2CC8690DB86C0C572DD31CB019EF201C806DCC2D74667F0133C5994DD63B6643,228,46,91,41,50,489,1519
2D85F64AB1AD93DF526F870E4154DCDD3BEA6B7A3D81CED6CF09B4178D7A6EE6,1,1,0,0,0,922,4535
2DB8FF83B2017953412F28D9AABDEDF9FC736411020C48A6FA37A5334765BEB3,1,0,0,0,1,582,1981
2DCA9C3E5912B22F0F0DDF5E619BBBCDCF9AA48374714AB5F6B78F71346BF6EF,1,0,0,1,0,710,2871
2DCEA2F33E41B601F9736592DEC1BFFB02F7F25927A0C8B4D325F79071772BD5,1,0,1,0,0,432,982
2E34BB6DC1D84E0E7ACB762B39197C338CD64DF3C3782ACFA822F0513EE8A347,1,0,1,0,0,1408,6737
2E71668B571BF3E2845BB651399577CC121152CFC968DA8A4D636B7D2AEAD185,57,1,0,53,3,1220,3849
2E723FBA3BDB99EE9F4F847599E9E4EDA220BD9211A45E558061212CDF5D6B39,1,0,0,1,0,1522,6587
2E76FAD01F9B86E7A21541B3231CE0509E1858EA7CFC50B9D5BEAB1B20B7D22A,1,0,0,0,1,1934,8492
2E7B2E68FC0B9C296C79356E543F97F7E5FF959368A4C9DE55D1DB2B101B821F,40,38,0,1,1,1526,4688
2E953FACEB1EFDCC982FDD8657995884E0BC8FEFAFE1658782621EB248C26576,37,2,0,34,1,885,2622
2EAFB3C5DC57EA20614FE4BDC0F23FFCB4520855C66EA18630DD8E29AFA4D8E1,1,0,0,1,0,1757,7792
2EB80B3544584A61A3636B17445DBBB0A76D061BC92235A59974787A1320B9C3,1,0,1,0,0,1198,4335
2EBE8468DD2A239BA34B3FAF19FD0D4A222307AFBD40F2C2B0E05B812226ECBC,1,0,0,0,1,664,1942
2EC9FCB4BC0D688612F7C1446656904B4887BAFF7A750B42F03288CC4A8B800B,1,0,0,1,0,1130,4547
2ED85E9C68A2F18C4E3549FBAD17EB7BAF88544D241BDE194EF5633BCBF0B1CE,1,0,0,0,1,303,579
2EF65C11269DF91E15CCEFE5A6FA860BBA1AB3371C6D6CE245DA20B7B5B12C86,3,0,0,0,3,348,856
2F72F272C0605D545A5A8188EB60409BB3E9551EF869A05F3A5DA25AE9B728F2,1,0,1,0,0,829,3407
302C238247C4C99BF9865240DB08A04F137B599BE5A8092761CEDEFDBF830503,1,1,0,0,0,894,4367
30838B9223D7C9A029D25903030C0EE5784E2556F3FB4994A9A66D0E52452915,1,1,0,0,0,1464,5381
308E879C112A08E7C319D6A29D43305785431D5824314A0F9959B258AA78C9FD,1,1,0,0,0,2313,7959
30AF37273123A4DE48A31D4FED89796D223FF376C7D32E099DE1C1BDB7476DF5,1,0,0,0,1,1305,3907
3105C06E370389A8F915E45BE1A365F1C14406266E2C675FBA815BFE32E71351,1,1,0,0,0,232,581
317FCE99774458C540B644528CCC0DEB431A586CF1A922E92007B68CFAD8E50A,1,0,0,0,1,706,1985
31AC7111D7DF24EB446C93972A22EFF9168ED74C9F3AD2F7D9E2CAD8B774E2E1,1,1,0,0,0,2679,8965
31B2017D693C5F3969002857F687B324EF5FD6560F4A987BD7E4C71C4BA4B74D,1,1,0,0,0,1071,3467
31B78E603A1969C7A085F9E7C9512C8171CDA5EF91AD36503571D5A8B9A06BDA,1,1,0,0,0,926,4539
31C5FB3C93B9A8B52257EB9D0A96ED4A851A1C1EA50E0C2A4FBFFC4C89C8AB8A,1,0,0,1,0,2588,11671
31FA9802359AF69AA6C175D2E725C75FB929DD1BD5E3A67E06BD30B365FF3C78,1,0,1,0,0,1757,7792
320AD5B0BDF7C0D00D8CC9A1B8E395C31552022BB14E04F3FED1E107E9850B0C,1,0,0,0,1,1153,3924
32441F3136DDC2A6448F004166F8873A906FF9CAE818EF09ACA84F7553DD13AB,1,0,0,1,0,1410,3872
326A71487A19E1AC947CB0710D7D81CB3B04BD34DA6497AC727F2BD074F9566C,1,0,1,0,0,899,3101
327ED0DC643239F9371E3C68EFB42E22CFF55D3BA761F827C2F4F66800598A37,1,0,1,0,0,1053,3475
32A19C6307A93AA73E7503E69471DA0AF44CFC39FC9A31902BDC2ABA763189C0,1,0,0,1,0,864,3571
32AA50715774249165244F7515D792AFEEC9C96BB43D413DCBD6497C496E02CC,4,0,0,0,4,1637,7275
32B2727884438C85B8AF8A51E6CA5B7335F38ADFA6E5A021B52619DA02E0D6C6,1,0,0,0,1,353,948
32BB279779D1824EDE8A3ECC774BB7A92337BBACA37B0DE5134B0AFE9CE4D8EC,1,1,0,0,0,573,2868
32BCCA7D3C8AE6BB5B0B74BF72697F568A4C8A89E47189C4E8C2E46173CC4064,1,0,0,1,0,1138,5120
32DAB24E2D3666F0791A24EDEEBD93711D27E52FA711BBF1AAF4F79C4052FF65,63,58,0,4,1,971,3293
32ECD80828B0E1A369FB5730A38AEFF4DB65D834543A0A27D907A927FE7D76AB,1,0,0,1,0,1071,3467
330BD0DDFA527F0229871FAB4D28085B0940CB9D34D4611DF5F6C05A1E9CB452,1,0,0,0,1,788,2261
3313B3575D1E27DB26A26821D6B2FEC01D1DE7931DBFD7FD98BBB116260BE8C2,9,0,0,0,9,886,2465
335EBEE9949BB06DFA30791A515805CC6ABECE90E5618EB9F3FE4B86BF8BB2A0,8,0,0,0,8,1295,5254
33886FD9A71AC3B23E329AAEEB6FDADE24FCB6F3B0FEB2590D7CBE720BD0028A,1,1,0,0,0,946,3878
33953B49B467C4D52AFC50A69DF514C35CA8FE6D03282315015BFEDC6A37B8A1,1,0,0,1,0,2599,10229
339AD2ABE1F3E7B77F6B274B91D77FC97C23CC3033ED55BB470AB9C95627A57F,1,0,0,1,0,795,2698
33F273B0D079F0ECF74D45DEEBACCD11BCFE7013AF8AE8FEFF4C57437CC56C0C,1,0,0,1,0,2536,9172
341B1771544D58D4B4ACA7C2436267A3C54673FEEC0787799F71AE871D677729,1,0,0,1,0,1156,3848
34200114E1CD6A9411E3417572A12A2E9EB1EC5DE9F285F60B2D0F31953209DE,1,0,0,1,0,1040,4294
34207FC5687363E0C41B36923C754FE5C294C47B9F031E1D6299BB458055771B,1,0,0,1,0,728,2709
342F2C415FD1DB2A56A7BEDD973BC94030C733F19F413B177A0C28C23EDD788D,1,0,0,0,1,674,2089
342FA086C5C3E92CCE4C92F2791311A8919C48BE2F20C35AFA789E6330E7AB16,1,1,0,0,0,2469,11779
3444307A23A2C93EB96CC9F7529549090573C493719B0626F6F6C4AB2F60E121,1,0,1,0,0,3012,10085
345578FF78244F1F99B08C7B486BCE87F69EA21B2F03BFDE734458ABD55042EF,1,1,0,0,0,1176,4047
345EAE6D893EF5325D33108188BA1103F4FFACF6B11AA079DD1DE53BAB1AFD80,1,1,0,0,0,981,4188
3464983E193F070293BA815B1D7FE3559898633C3AF8AE3F1B15FC1ABF0F3B3C,1,1,0,0,0,811,3126
34B1455963B9214FC9CB72537038CDE4774C31AC8B0D5AFAE1CF6A1FC94BC29A,1,1,0,0,0,822,2600
34C4C5A111BEB7F641F03BDE16873265A65D4F721BD04CD15F820DB2D5767767,1,0,0,0,1,1343,4840
352C02FD917A1C98C82A117BBF2D5A7305BEA69375406BC25175C5BB2A4FBF38,24,0,1,1,22,663,2050
35B47F309969D9BE06D9DB37B003B20261B1F488B8755FC2027DE1996EDADAED,1,0,0,1,0,1084,5250
3608878ADFA715C17B02FF953F6467EDFB5F6E6D7295ACB3959AABD396293C10,1,1,0,0,0,1071,3467
365C5F935D814CE2D5D2F69F87147F6FD3CDE57B36ABA66C2581B17DD0A59678,1,0,0,1,0,2086,9219
3692B144ECFBA82DC99F35153EF44ACCBE84159648BDCD641D6D09DB5500CF29,1,0,0,1,0,894,4371
36A74AABA1C4AD602801608D1383B1D4A86AACEB703BCAE8536367256226C2C4,291,96,53,81,61,2363,7602
36BB7BA88F676136C0794188BE94022648DFD502F1FA6D86238BC5EF5EADA5A7,1,0,0,1,0,871,2459
36DD396978CE4E158DB2208F9D5D29B228CE34A8863A75EB3DB5BCF82DFD6739,53,48,2,1,2,2080,7851
370BAD9620CD6CAA30F96C172A869E32BA5B12866CBBBF97935C06A64529B4CA,85,57,8,8,12,171,529
375B20947A1E400A6D8BB1A92142DF065F51D4CC6FE202CE9BE8338BABFDFC4A,1,1,0,0,0,1060,3337
37A15CDEBECB2AA90EA778FC770AB63B6730CE773CED638AC86E80FAFD7CF629,1,1,0,0,0,207,421
37A1644349142CAC61BFC635BC3969FEC016E26906B27BB20549DF7141E9155C,1,0,0,1,0,875,2386
37AAFD2059B01A638858EC19A3674912D0CD1B2DD0B1678CF74CF9DC15CC846F,1,0,1,0,0,656,2083
37D75127F8EC3CDA65B073A4626A08852CEFE3DBB01FAD2AE1AF88D710439CAF,1,1,0,0,0,683,1511
3842CEDF4AF07AD3C4B80A123E7AEFBF499783D82D490D6C3479271E490446DB,1,0,0,0,1,3184,16609
387F70878E6EA0E1798DC4DCB9C04C62B1F2F1BB30800619563D329E4FBD9725,1,1,0,0,0,1773,7810
38C8CAC9F2F0E916A907535C1A92007BE6E9508870E835BEAAD1FBEBE602113E,30,0,1,28,1,702,2259
3912E56B22C43F0D0808B34EEC827272C7A3009F886659563155A46777AA631C,1,0,1,0,0,1757,7792
391EAE61A0CEEA701F5DA4A1547AA148BD3BCA500173BE0EB1F5AAC82507E4E0,1,0,0,1,0,1340,5917
3924B51E95662703B4658CA89A75F390E77ED0515A6425E0289730CDB820A034,1,1,0,0,0,2167,8034
3932814A8BA1D5A229879626E7767C3A76AEED9CE24AB501A070043989861165,1,0,0,0,1,4046,17525
393608B7421158611F25F6A4DBE3D1BDF738A3A2BA6882ED437A38ECE080ED35,1,0,0,1,0,3203,14812
396A279A3D1C19C821242BD133AF3159E36FFFA1E982641829A5853C1884DF17,1,0,1,0,0,1018,3564
396B6F6557175937F3AB43D575555EF03F427EE5908F58719168EFC62DC8936A,1,0,1,0,0,1183,3554
39727CEFC1A738E0001A855F6A526E18EFFE13D7BE3836F649C860317385FB45,1,0,0,1,0,964,5697
3977DA80D76598751A97E00D06A539EA146E0708605097A80AC3B939295EC655,13,0,0,0,13,1742,6013
398926AB9F7BDBF76A2201FDB4BF502E7414F022921A70C4966D8D4ED2E9FFD2,1,0,0,0,1,1371,4682
39E08CC1E9579DD17F914803FB1B41711084E6208CA22BA2234E07C926B1ECD1,1,1,0,0,0,1773,7810
3A0498A9A9763BFF9ED644C0A999A58A023D7FC76575236A1B7315160317E3F6,1,0,0,1,0,1417,4430
3A48D413182E0EA3FBF9B162EEA05BCA16CB3A6C86ED898BB871083CCE3196D1,1,0,0,1,0,494,2105
3A613B35657A42E963A2713C3B8AFDF2EE779EB9DFE6F310CAEA0D07966B4C9A,1,1,0,0,0,332,1002
3B3FCBEB22A0BC2614963D98191CE40C782E9B541F4A048A411EE77390BCFA25,1,0,1,0,0,1757,7792
3B6433375BD5CFC25019B00096BD570610074BCE19487D26B3982815D0CE68B1,1,0,1,0,0,1076,4152
3B6EDABE89661269585120E50534C26F997E3CA31FD8E3EBEA07C8B509F52A79,1,0,0,1,0,927,3313
3BA6CD7E77C05817B3174085C29E0192272405DC58476E321E5D9C14CE7D083C,1,0,0,1,0,713,2608
3BECAD733130192D82FD5FDA7811C5FFCC04E4A6BAFB83E0F27AA1B17A7FB87F,1,1,0,0,0,936,2663
3BF3B90156B23049D4EFCD6DA5C7B6F36044077D02807C08B8335014E38537EC,1,0,0,1,0,656,2083
3C115981424CBEA2A75651DCE29C637F9DF1A01B00EC06BA39D6AD7D0D33662C,1,1,0,0,0,884,2788
3C19752E58195A0A7C7C29F380D6DA03703BB0590FBE9119E8524C5A57070D1A,1,0,0,1,0,1757,7792
3C54E9930EA87DBC87BB80B9E9EB837387AB37058038EBE149794F9898D40572,1,0,1,0,0,2383,9730
3C6BE0819DB1D94543A0E165B3E7BBF21DF18CE336D53FFDFF9CCB74B3736307,1,0,0,0,1,1331,5095
3C71767CA3DBCBAC55F9BF8252EA34C93F859F96CA038EBAD9E6AA4028754341,1,1,0,0,0,1773,7810
3CA368C2AA42D8D21E928F2B1BB88AC4B53DC783A10AC3BF314D8BD9EF6302F8,15,1,0,0,14,1206,3656
3CBD2FE75F5CC0E7C18FB202911A695D0CC2129374F7D1F131397776ED1A04F5,1,0,1,0,0,1160,4148
3CDD6007A8B232CFC019524B7190DFCEF22DC3195AD6DD2C56EECBF3E8DCCA6B,1,0,1,0,0,1275,4483
3D29DB723A0962DA68AE3AE1DF53249C54768F0DC82433CEAC032877992A1AA5,1,0,1,0,0,445,1328
3D677C06EF1A8368A2D44ED0FD6B0894C5C0BACCBCE2306B81A6AAE0C3AE4582,1,0,1,0,0,1034,9095
3D77182C6BF7931D5B7E331D4E6C450D30AE8D29F635A747C880B0539E5A0A07,1,1,0,0,0,1946,6542
3D804EBE01C7F9C382EFB49677FA0E9F10FD113EDAE59FF445CCE22401F4BFF8,1,0,1,0,0,1538,6504
3D846B4A57B765E46A6282DDB5A7B36E803D3D42DC0A5AA16A51BB1F704F1C62,1,0,0,1,0,855,2339
3D9046BD9C56FF6AEADDECB57082100E45BE11A1F51C3C2CB2567FA59CDA82CE,1,1,0,0,0,1483,4929
3D98A3A24A91ADAE4124180203EFC1C50AB415894ACAAC6E527EEF5A80523205,37,1,0,1,35,590,1730
3DAD8E1E5A647A00452BD11F5CF45A114E24E873927E636CDF5A89ECBA535BF9,1,1,0,0,0,1757,7792
3DC98383C62677F848A7E6783578D45112A10A9C3546E00881D2E1BCE4CB2FC6,1,0,1,0,0,1025,4250
3DE55B2585C23DF39912A364BC2BC2DAA07EC5AE8FF560813EFE88D869C0CD2E,1,0,0,1,0,758,2112
3E26804CDFC96DE94AFDB8A2E2B3F91C096C3A7B8C7AB697F9A74306817E794A,1,0,1,0,0,1757,7792
3E277C8BB062525320156D54B3452B1C99ED56222D73AD55BBD971E311C059B8,279,51,99,55,74,706,1837
3E558A7439D77BE21844CA04ED65B35340D3E0ECAC96D60FED5995541428AD76,1,0,0,1,0,709,2751
3E9209342BB7B55B24AC83A178C448E942F290C6981C08F4D71A87EBAB545EE8,1,0,0,0,1,1757,7792
3EBFBC457CE2032CEF1026E1F1060F6DF0146BD6F719009AE559281B1C42B6F6,1,1,0,0,0,1757,7792
3EE73FBAF9695B220ACEF527EA36FC0304A8DC5BF298DA0599DEAE775F106F0D,1,0,0,0,1,990,2833
3FF48CDA6473EF246BD8840FC2E21E8EF62877F28CFED7561B3480A97DF8BF69,1,0,0,1,0,748,3876
400954C8EE59CC71CD41763C494B63D5A433FDB82EE6749EF5473CAB59C03896,1,0,1,0,0,951,4416
401B514E559308D7BD72F24C420F8D8C8E4FF22D015639E9B2D4B2C68EE8F557,1,0,0,1,0,745,2580
4036E81B059C7FC6092CCF62B2663D183F75B4826C5D958DE00052AF9FE3266B,1,1,0,0,0,729,2715
40682C962CEDF1B7AF39DA4AD8258E6C41DB056BBCC580E46D4040E33F0E61C2,434,133,66,124,111,473,1603
40770357CE6AC47AF3B95B037DE0E0E5CF1375E0E844DFB74190113B4E2BE842,1,0,0,1,0,516,1487
40A4FD7464D4A795B258D07ADDF79DAF77FC11E88DA979C656AF26AF8062A4B2,1,0,0,1,0,729,2715
40DFA21EB6258A06689A8ADC0C3A53D77D5EFDD0164056648A9E69D72858DB92,2,0,0,0,2,1131,3894
40EF3BB49B93EE5938BCB1F63352C53BC6BA21EB7C8D50CF73363690D7C9A369,1,0,1,0,0,226,498
41921404C74DC42FF62026EC9B59F595AA5D0835BF68E805E3E3E93B8924C1F0,1,0,0,1,0,948,3848
419F75CCFD0E0DCCE8A0B7E1107B487CB66365E4BA8A36E608D14BDE8C0410C4,1,1,0,0,0,858,4115
41BD9843692B7421B2FBCEAC3C2F6AF3CE9C92339C10D43898E7E072B8E28BE3,1,0,0,1,0,2994,11848
41C776ACD0191B5B8440F6AA4ACB01B957A38310A50DEE5005A7E68F4A1B1583,1,1,0,0,0,1757,7792
41CA670FDB0E2FA46AC21716A0A6FB91D8516F828CF1598EA75A0EDAE1501970,1,0,0,1,0,707,2580
41EBA25D6F9E0D10C21A7585F72707336D28538CE8E0B6E8C1B3E04DC12885BA,1,0,0,1,0,1574,6910
427D40EF4A7AA0B3093DE551B683E590E588DD361AB934E7A69FC2594E69CEB0,223,63,28,37,95,696,2202
431F73CB1EDCF4219522FFB03E74AA92BAF43586BB705E4F4D07461338F8D388,1,1,0,0,0,1757,7792
4334529F3592DE23B1D3CB90D104F1E88FC9C0CA58C538D5BBACCD382F69D952,137,84,20,19,14,164,378
433533ADCB1EB1508A1B65580F970BA10ED1EF4A10195FC206EC4F62480DC9AB,1,1,0,0,0,2601,10232
43409AD981A6395B2B2E43D840A52A0CF80E4EE16466CED0CA16C17B3500F7B5,1,1,0,0,0,1773,7810
43432F8E99D8CAC8D139DD9229C0544702B7088432D36573CA04077BF6A115CF,1,0,1,0,0,4332,21651
4344D2FC9188706511FDF168CFFC180A1BB7F7AC26C98E8672655E9D1B55A6D5,1,0,1,0,0,1291,5794
4376C2EDF6AE77892E4ED95F59E9B0F71F601270C89FD334E1F4B6C6981F9453,1,0,0,0,1,1285,5053
43C1AD7E7459F405E97BEA905053F281B4BD5665F21C0903548E625639F13421,1,0,0,0,1,934,3193
43EFD8681DFEB192F895B70AC429529F08DA253998E437F3B06F2DD4157B2F45,1,0,1,0,0,704,2664
43F144328002B0B83867E9758F68E561FE2E181880B53C7CBE048CEE67A439C6,121,68,0,22,31,489,1519
43F264E4C0D8B7D6325D28452408925B0451A28C87F3100E201D476DBFDF8A27,1,1,0,0,0,1329,5344
440F910365D78A0000274777FB317D51D7B950FD9A4C2603E930D72C81DFC6A5,1,1,0,0,0,1757,7792
44410D5F7C5D2555ADADFAC4970297DAC1B51977E785645529A747487E5418A1,1,1,0,0,0,1773,7810
446543A6E27E92396E922E90DF4075B60E1278C540C9FC92DA897D83ED8C9AF5,1,0,0,1,0,1860,6293
448D4732B1DC74A72297328025BCB51683AEE96D99575207074DC14E9624D447,1,0,1,0,0,1757,7792
44B11D39CCEB9CA082EDD970AE423D1AB9E98F0698AEB157373F2BF6CD76E5BF,1,0,0,0,1,196,309
44C236B5AFEB766FF60C8FF6E8358F879BB60827D8489D616D271FF1EA219D94,1,1,0,0,0,1161,5375
4507082A609EC5F47EF1D5656904F00416DE9B6236640763E26448F3FE76F857,1,1,0,0,0,2351,10370
454DCB2FCC3C133D8E9A9C83F0C4A43DBDA2F4E295BA4CD41B2A72539B545731,1,0,0,0,1,454,3101
456890B232A373FCDC18F1FB085D7A5AF08D40D80BF5D4BC220E0F4DF9553427,175,81,27,23,44,730,2212
45983A831D9A864B857D004A8F57B483930A0CCD374151E75994A2A176D787C0,28,0,0,27,1,756,2329
45B21D37DC0C69AAAB0B5CEE6012B7FFBA3386A25A6AD4744D202CC2766189BA,1,0,0,0,1,453,2210
45C35A1E318FC183D88F671D42D8C2DFF3F730848B0BC74BD9A9955D0C5E9D02,5,0,0,0,5,2714,12935
45CDE9D5C0EF4D74D480833DDB5CB3A7CD4985275720A4E9459E29B5B209CEE4,1,0,0,1,0,934,2974
45E632B6015095A09151506FBA356B864DA5E5F49BB9246FC8490D2D9FB84839,1,0,0,0,1,1757,7792
45FED3AD9D228A09D56BAC79CFB9DD7F6F12EFF5EA51D738201944A1DD094696,37,0,2,33,2,2166,9378
4629B633459EE15FB5C5F4CD5A1B6915EC250EAF3F3B4500523F27DC9B6DEDA2,1,0,0,0,1,927,3313
4632A068B651529AB429DFDAE8EC4B32565C45CF307D95EF72CEE46D9878BA26,87,0,16,56,15,548,1793
463C07BCB8D28BFCA5F6C85682FC0B9D23D36FEADB2BFD581C77E570AF01BD39,1,1,0,0,0,1237,4341
4677F870007CBF3B1C8AE089BD194714FF6A52C578176397B5B7C58710E85AB9,1,0,0,1,0,1112,4636
467F40F7EE12D5307E54CDF7C71768768960ED9C89C7CFC7155741F19FAE90A6,1,1,0,0,0,914,2713
468A03F68D4A60A43B414AD8AC5BB9CBF3797740E9CD385B9C54CB19F54389D9,1,0,0,1,0,2089,7404
46EE368A7D65987B438A1FBFFDE9E69A28883C4D98047BC828AB6990AE6AEDA0,1,0,0,1,0,930,3106
47227FB7BC3FD76F712E58C21B67627BE1E086789AE82919E6909F4B6D94B5F9,1,0,1,0,0,3332,12064
47AA71239E6F780A39F8E50DD0651035F0304366096E9DEFA5D322063875535B,1,0,0,1,0,606,1634
47CAFB619BD8AAAC4B461BCB7519A10024B67D60DDAE8D17C8E56482A7CA551F,1,0,1,0,0,1704,8642
47E878A73BFDE4DB6CE9E5EF3F9FDD11FB257B34D7DEA754C1680EA9BEE99252,61,9,49,3,0,231,482
48072C58A2F7AAAC4BDC1EB906C04BA8F35D4B08B3A422B802C881E85E2F87E2,1,0,1,0,0,385,1146
480F73BEEDBAA6A3308EAE0C1D9F019F88FF42161E5CF0A8C5EAFC7F2AE33758,1,0,1,0,0,1539,7439
481183A4CCBEA62DF854BE4F6271756C1D1F93A9FE2FA6A7895898EE491F13BB,1,0,0,1,0,1871,6614
481C3535AEFCF38841425439CB36DCE9757E76B6145464F751664DB16956CC16,1,0,0,0,1,1351,8440
48498F83FBC391CCD4AEF5656FAA2A6A6E2E21705BA1B6B5AB184B7BD167E668,1,0,0,0,1,923,3452
4928EA665F93D58212B343501023681E36262844BA37EBD38286091E1B543D8F,1,0,1,0,0,485,1397
499F7670EAE1B7D0C328663F67D1C6228C65410D7EB90068DD28ED7DC362BF17,1,0,1,0,0,2202,8820
49B62501DED1333D135B8DC8410BAFEBD9118F22DA72BE28F0F818C2FC8A4C3A,1,1,0,0,0,1687,8498
49CC5FA03E299D2501662E4A5DF4CB20741FB12A579FF12CE251E72643995435,1,0,0,0,1,1325,5654
49FF0AF78CC13C0B60E84DFB9EDC76DDCCD5C72B4468B91E10A4845759FF4D00,1,0,0,0,1,455,1397
4A535E5364396460249BEF7AE30C8918AB4561C00974C4DF3B4D09BBF14E5D60,10,0,0,10,0,491,1523
4A5D15BC5B09FBDA6295D73F5913398320F885DD332F7ECDD715791C1D867A74,1,0,0,0,1,1757,7792
4A5E1F8BE218FCAB2E0D71434024C832C7A575EDB130C8F2E73E2AC55C6245B9,1,0,0,0,1,1773,7810
4A7A3588FEEACACF3426668CF3D56967D6999EB7EA5CFCB6C667E939751B2E98,51,1,1,47,2,570,1464
4AAE15E9892C9EB2C54C70B0B95FF323C58E7C873BF9532C61B45A2B9E7F8928,1,1,0,0,0,1316,5279
4ADE69AD2728F133F08FD05AD97B7E81A4811EA21DFDB075338515CF09C883B8,1,0,0,1,0,349,839
4B43B705AF883693A99C48A4EBB77C90B1EF908F0603F48DC6C01E6DA7843914,1,0,0,0,1,227,511
4BB40DE6BDAE1535E6CB35F61AA36421B0ACE36D0DEDF03DC0615133BC17DD88,1,0,0,1,0,1757,7792
4C05247BD9AC5A59142D29B7D981E072E34B3FFDB082CFBC7DFFEC9BC27F19FA,1,0,0,0,1,724,2676
4C0A99590057DD1AFDA1CB40E0739E8B61BD545D55806C2712C636740087E4CF,1,1,0,0,0,1200,5930
4C1EEE4EAA65FB6007E608D3D6642BA7F3DCCB2EA3649CD823A8205E0B32CBB5,1,1,0,0,0,971,3923
4C7223884E013A264F26728FA2E9E4019A06BB813D251901EF3680CC78367F61,1,0,0,0,1,453,2210
4C814708D57D90ED49B80C2E4E7953FCF4309619507F85C48A8C505F0C433796,1,1,0,0,0,1244,5916
4C942122ACB77B11F576F48E1206D20D729F8ED0588E754058985B42A2A2335F,1,1,0,0,0,917,3242
4C95BDCF31C974077C09AD716C187656FDAEC85BAB659BFA9647E6F11A10701B,1,0,0,1,0,2315,9181
4CB087FBFA28D767D6F86F51B3805B6CB9CAE42650B83CA11B62BB72E201523D,1,0,0,1,0,1652,5625
4CBAC320521D3DEB212137C3D20856183CC38DE6BCE3725805D59E8091903C08,1,0,0,1,0,780,4307
4CE24D37703AB60F57F71499268EF508A63FC17179AC3FC11545F6B86836CB2A,1,1,0,0,0,629,1958
4CE84168D8ECAAFD2AA58A086B6609C838D07DA6186E63F6D35CE5E23A302A46,1,0,0,0,1,799,3019
4D4408708F04F4D9249F09017C8F863326E637A42E8CD159C257B3E42A898083,1,0,1,0,0,2178,10949
4D5E3EC805F8A98C14EFFD79D7F639121F767D30AE9A76CD05EE6950E1255679,1,0,1,0,0,3352,14214
4DB1E12D69567B5F6E664BDBEC91E374BC96D99B43D715D90E0F8C8D4C686EFF,1,0,0,1,0,1403,5442
4DB99242E988530CBA3C6A25DEBB239F60F4A873436318D77A1D56F688F82CAE,1,0,0,1,0,998,5023
4E19C0E84344E5D94CD85C8D4E0EDFFCA6E3FFB4E78F645BA5EDC8E96413637D,1,1,0,0,0,2245,8526
4E2261F9A9F762D3A29DB7192CB0DBE787956FE9F6AF073704169852D48BBC4B,1,0,0,0,1,2588,11795
4E3D109913FDDABE9041D940BAA7F551F98223AE1502C6B6CCC58498009AF899,1,0,0,0,1,575,1911
4E64D96D150DD9801EEB24A39B3E4208B5D78CC9D576C8757FA3945C9734DE29,1,1,0,0,0,745,2580
4E669660CBE9B6465B97A21A178A39D5CE287F74CD045B0E3FC6FF7235A48F19,1,0,1,0,0,1773,7810
4E6762C7A1B6254DF69C4E85FF8956306DE0904F479070405C572E084A3B613F,1,1,0,0,0,682,3775
4E6DFB7A99451EBF2CF1DA71FA64F0AEE776AC714D8B2C05201ADA08C49950D7,1,0,0,0,1,913,3112
4EA6484260C0CB27B82414567DBE7135F5FE01542EA8574CED6E4CBE021C1122,1,0,0,1,0,1757,7792
4EABABA2968431C5CA6471C95E57B7A3047202130932942C2C5CCDFAD48DB61D,1,0,1,0,0,1773,7810
4EEA5B945D36D859E0B8B2F19F46B87E3D26EDF359314034D5F1E4CC5874E298,1,0,1,0,0,3184,16609
4F05CC6E5846A97F366C40428DDAD7C86EB00B6104FDFE8A7C62CC486A969CB2,1,1,0,0,0,873,3568
4F340136A077E6C97BBF227CA553933CF26DF018B6EAE042EE405112400CAE8B,1,1,0,0,0,926,4539
4F6702E127C712BFAA438D877E2F567775800D1689F61CFFAC4B1EB20224F639,1,1,0,0,0,3186,15369
4F749CF6BFF7547E7B641BB3437BBD12FFAE37C9983B5CBA31F9E91654AF2732,1,0,0,0,1,1757,7792
4F96F795417568E37F01552DD135A3F2FF7A6D00BDAD1FE336ED38BD7C88DA7F,478,97,117,169,95,421,901
4FA79DFF471DE964029BE29CD3E7E4CB2044D6E58BF4411FC4111E1A460C40A4,1,0,0,0,1,1295,5726
4FAA9C1B4FCCDD808EA2FEE0F3EA4EBB5500390FFE4E36C08970FCE0FD11023F,1,0,0,1,0,1309,3352
4FB70ABD844B092CA75491362CEE49AAE05EA0B791BD51898F27E0289BFB53E1,1,0,0,0,1,1285,5046
4FBA3B8996A5D6DAD85350EB506CBBDBE28A3CF0AA162F1DC2218BABE4535382,1,1,0,0,0,1372,5950
4FCDCEE72FB4655190DF89A27A52BEBAAD2AFABD1A4DF95B899E6D9EC27795BB,1,0,0,0,1,529,1562
4FCE7A0337C71FD8FEB8575B7D679E14495877B4958F6B8F70F816A2CA47FBC5,1,0,1,0,0,1645,6114
5039CF76C78B6A9EFCEEB8A718CFFAA953DDEF430F15212DA00549A168E73A46,1,0,0,0,1,941,3403
5051E641703E67BFA3A15A44C1AF5CC2FE234C511A3F8CB1FF8A592B0393CF88,1,0,1,0,0,1374,4831
505FFC67E5EE7001673D63BBAD29E2FF42D702CC3D05C318BAFB8A3332E94FA5,1,1,0,0,0,889,4328
50700EFCB63656EE5ECD7943A06AE2BA6F52999BEE4F949E997FD11AAD46781A,1,0,0,1,0,395,776
50760EF74AE5AA9801D8A8FB69CC8992BAC06E8CB0198BF37A91332A372001FD,1,0,0,0,1,1285,5053
5076B6CFAB1DF56A86AF47FC852436FBEC6B423A935072AD4DBE9BF3F10EA02D,1,0,0,0,1,878,2545
508C4F22C3C726DFEA83C29C2D144C8D830582FEA28B6E0C9A9A22B6F56DCD4B,1,0,1,0,0,722,2692
508CD5908D220A2277B3B905E7FA0FD94D1AD0E2F6EF7254021EC2287546092F,1,0,0,1,0,659,2159
50EB3ED0ED46C68F803B6CB248586308ED7EB138F8254006D2547CB3E4052441,1,0,0,1,0,953,3788
50F6BC833376598F984B6C648D9F1DC63557B580EF24F9A556CC689796A184E8,1,0,0,1,0,606,1634
5133FC49063038703B9B7253DFA3515A11130EE8E6E7D4C0F03A15B6822799B1,260,81,56,68,55,488,1517
5138D6E2AE5B413F7B090E4DD2D8E1009083DC4BA961DE4D0D2FA6034E484D4A,1,0,1,0,0,658,1925
519D92F98CF59CCD10F9CB3B39AFC1F6251B9C293205D3B736E3E1FC91CA2199,1,0,1,0,0,867,3427
51E78B2B06058F5C5674AD0F1C90C8A28D94A04D7533B23F32A3D44BE515A158,1,0,0,1,0,1204,4354
523EBFA071151D78FB673F4672B72D5277341720989F53A1E0A15F01EDA7116A,1,0,0,0,1,1636,6484
52832000F1C8DA41EC32FF0A1D792C6E53C28499AC93C286DCE536096620D0AA,1,0,0,1,0,641,1846
529804E6C69A489A8174AEBFD470C226C6A5F1B387A554538262DE6A61E90E91,1,0,0,1,0,494,1529
52B571D11C3F9E6E2D2175E06AC944E922DF5B5BA516066FA597065BF8ED6E2F,1,0,0,0,1,414,916
52F46AAEE99EAD19428E8E45A38FD587B05E898BBCD88B3B91CAC4E6BFC4F906,1,1,0,0,0,1192,5523
535C7D0F3416D55EC8D7D8D732585884B23FA943C540C53A520751F1D44EDA39,1,1,0,0,0,1425,6186
53C9B35AB17262F967842D7C70273DD845E61AF50FFB7E53FB4A98F229E682AE,1,0,0,1,0,1983,7389
54132280D4E4F2966ABFAB6B48DD49ADB8B0100B26C8048557B4B8A6BA8B718D,1,0,1,0,0,1008,3673
542B97F4F2362EC190EE7BA9931BA6FF816889933E4706F3F4CB539BEC5EA4AA,1,0,0,1,0,2851,11314
5447A0A54F4E7698FEABC280FD56808BB7E88525EC1BBE7123D1807501BA9389,3,0,0,0,3,491,1523
5474EE9B1DAEF3E9CDBF22395261CA28C527CD26100C8ADE5B1C532BA240BF3B,1,0,0,0,1,1757,7792
5499D991582838076E478569D35D44C9C1600ACFB6612E951609C4FFF3E5B556,1,1,0,0,0,685,2182
54A7DE89ECBC3BE06A1118D5D51881F1736DEBF3FFA00FEA3DFF94594E235824,1,0,0,0,1,1773,7810
54C72A438F38FA78BB474190B6FC641CC5B49B7774E263146BF431FA0C032023,6,0,0,0,6,231,482
54D4AA8A27C7282C6147F54F89185766F1D0795F161AABEF2F6DB48374BB93BD,1,0,0,0,1,1426,6052
54DD71295A11729397EB6D1C91EC628BB487E1A2B04BC62BE32B244BE6A8EEB2,1,0,0,1,0,1137,4256
54E75D534DF69391688F8701A7E8438FA4C548AF25E069C724AD16F0CD87845E,1,0,1,0,0,891,3788
54F925F35116B7814B8DAC048EF5CA7653378C7B230579B8C07D5B2DAFBC61D9,1,1,0,0,0,1757,7792
5525B06E801E701C01F2276C7C32A200FAFCB67E75C2FFD781E0D820B07B14CD,1,0,0,0,1,1068,2832
554A901B5FEB0BF79BAAAF584CA9DDD2980545432EABFA05ED11EE0716737C4C,1,0,0,1,0,1145,4098
55CC294632A445383D866E7DD37854BD1E9C4F3B21EC09E622B1ADCC44AF7D7B,78,7,53,7,11,1677,6424
55D466A42709B959F73B66D17029B07C0A5EECA72ADCFC86AFF2699B0C04317E,1,0,0,0,1,2095,7119
55F730CC1F055EAC92F8706836D0370048660E47BA39DB2328780EC48EB7E3C3,1,0,0,0,1,397,1175
5606A8EA89AD2E0CB864E65DA79FA4C54AB99BCE69F31D23DAF9ECE647C13CFF,1,1,0,0,0,1351,5410
5617FA87CBDB1F01E4A1A7890E386D7E67450713BE0D505D658753FE0B0F9292,1,0,0,0,1,1149,4140
565744C03FED9AFC73A74544F8B31E47CFBDDDCCB7B6FCA696AE87D82804B5E9,1,0,1,0,0,1801,9070
56EBF5B98C22A3A74A2EFF99888C04D95F7DB7CA46F911829F62705CB4C48F4F,1,0,0,1,0,1483,5806
56EF4C1B3A4FFE86400AFA9086A1D789A68DFB339E2EC916FE78A6117070D79D,1,0,0,1,0,1567,5808
572B347E396CA02C194FA927156F73C7D086C238EFDC7E3C251C57867D686C2E,1,0,0,0,1,1757,7792
573B7DDCD29B694AB5E315119C64B30C1A632E8B52A235A3B13AECC379090ADF,137,27,78,27,5,1221,5142
57B7F4300217D14802E7D20A99AD4D3DC387AA2A20E9629DCB0683A58A79C634,6,0,0,0,6,2219,7962
57B94C0625BD8743D535CF18E493EFE73A2180B039F5C30792F4FA4AE4F1FE27,1,1,0,0,0,1042,4015
58112CF677945895F694B5E206EC08B02FDEB3EABE6731BDB6C5B97465D23C40,1,1,0,0,0,493,1527
5841EDDE3030F9AE28EA457B6B38143BBE9F3DE6B5E96B788105718913687DB3,1,0,1,0,0,1773,7810
588DC7992EA91692355BA92D8190221D5CD95A45CB8CAD579297F1BA59F73F8F,1,0,0,1,0,651,1899
59049829F5221B3162396F343C9FE5FB6F68B7DC7CF1095EB261C192FD290A89,24,0,1,23,0,833,1622
594D13BA6CFD212FF3A6B34AB344FCFDE23068FC146427C2B3295B868316A9AB,1,0,0,1,0,1032,3128
5995DC6D432D068D178E2572C9C02BB3C9581DF26D4FED80C8A8C617AD2CF8EF,1,0,0,0,1,1757,7792
599E82CB75226FB65B527C70A51BA5375AEC79594A514555142CD7A38BE1CAA6,6,0,0,0,6,2166,9378
59A10EEF67CC44C5B5C3832BD7835B84222FCFE252AE8997C18DF9CBE7DE599B,1,1,0,0,0,713,2609
59AAB73104E4EB3D5AC3C52B21C4433B69F1D2DF101BFAEE4449D8223DE17C74,1,0,0,0,1,1773,7810
59D813DBD17CEC348E0E726B55F0278F87EE08DACE9AF51C537987E2F3BC57B8,1,1,0,0,0,1367,5313
59FD067647A2B6FA143A63450C273D20D6DC50EBE58BE7C6C04A1249E4D1D05D,1,1,0,0,0,1773,7810
5A05AF2412B72A94CF0872AD693752D2F897529038832EB7EFDE17E2246B8302,1,0,0,1,0,227,511
5A57355F02488C056AD98CF765A88BCB22AB9EE3F8FBCEE4D8AF7329CE44173C,1,0,1,0,0,2364,8762
5A9C6F7ED6745E984CB1156E24F3A8F7B8A605210DCBAD765DBD24704B7B6E3B,1,1,0,0,0,447,1773
5AA903C7114AD4FFA398E7EE11B2B50259400C432B8A1F0F1D6B5DC6C37571ED,1,0,0,0,1,597,1342
5AB2295353820DEBEA5EC46103D50B852083866A9107D9BFC0BF8D3B9EAA0E30,1,1,0,0,0,1730,7432
5B0178010B1942055DA5FDA8A794B521580F963F97CDD2D159737EA3067CD5B1,1,0,0,0,1,951,4416
5B1BA2DB5E22296A6E4CF3D63E31CE96A66A71535A8AE7A27681DECC33FD19BB,1,0,0,0,1,1312,4278
5B1EDA0FB95A36E0E2B2B93711E9D0E1D60FB255A4201AFF490338FCAC20A084,1,0,1,0,0,1773,7810
5B222F338E4B77645FB89039DB7FFB12EA94CEA8FC4C7AF4E2DE6E935CE8963E,1,0,0,0,1,2043,9506
5B250737215FE2ED07329EEAB75F0B935F27A8EA7CD1DB5BD5E3CFE236F5A555,1,1,0,0,0,886,4302
5B26D0A119BE2E88E0AC669B73EC050CB768050EF4C5B88AB6AEECA95000478D,1,0,0,0,1,1757,7792
5B2C453E82179DE50E0BC822D4060FED6A00A4FDE916065779FED83C81DBBEA5,1,0,0,0,1,798,3784
5B42432AAD27746F04353FDD70BD8C2D979303EAF367DE28D88F6B0CB72DD9A5,1,0,1,0,0,985,4086
5BEE7504F4A284E7F6F996677230B8A9EE4EAB04E4D4C4D1F63EB04DCD6753A1,1,1,0,0,0,903,2523
5C4DA6ADB80743A01F1E77D122146FCEEBC6F22692337FDD5A778EFC1B945AA1,1,1,0,0,0,1063,4812
5C56B74CA6E277730D06F04D5CEF9443415A50DCFD77A075F495CFDBFC0FE2EF,1,0,0,0,1,1158,5179
5C66AA9644F5EAA6F3A32F2A8ED9A718B5ACD677E23BC207D15053CD73591C56,1,1,0,0,0,1773,7810
5CB3763DC1001BCB36843DFB857A6B2FE42E3212F974B1DC4B9BA1135190ED9B,1,0,0,0,1,599,1623
5CD591D5AD83B305DCC438E6230FD58A93E59EA5616624CE907820228343FCD8,1,0,1,0,0,1757,7792
5CE049D3EBEBF178448F9AF9D559EC3D456AD79E8D92A789C4E9DAD80BB4F4FE,40,1,36,1,2,1112,3935
5DC59F6C0F4717E388EFB3E5BC89FAEC113AD0EAFA8E344D4C09BDCD9FA992E2,1,0,0,0,1,1177,4254
5E13C1AD7813E5F0256BDDB9E17198088D64A5000209DAE1D1A2B2679F86C7C5,9,0,0,0,9,1047,3658
5E1C268E13333D2A6A3C2196BDC131441DEA412BD5305B0C97BF88F675DD04C8,1,0,0,0,1,1757,7792
5E35C1D9B4CA7A60C1E0618538022AF90D3A8DD524C502400A7BE55D72F23D55,1,0,0,0,1,1757,7792
5E6B0F51920234D44BE32FDC6A979E2C502235F767A0411D07E87D807C923983,1,0,1,0,0,1757,7792
5F1DA0F8C86F21CD36B45B667E68498B72BFBC2DD8A044F74B410E6CF01E379B,1,0,1,0,0,3390,11412
5F2695CE0CDBD703863035769EF3574E7224419899E1738EC25958719533E47B,1,0,0,1,0,2211,8523
5F2DD921FCB8B543D57E0D4D8DB87C1ADB7B41FB5CF95BBE0F2AF36FEB584719,1,0,0,1,0,1773,7810
5F306E012D75E741EE7BF4DE49A563DB1E0C777250757A0623EAB9B88B4C7F6B,1,0,0,0,1,797,2832
5F5729DA87042461B237AC7A283178ABB1F6141A3021127295119CEC6695A5A9,1,1,0,0,0,1239,5381
5F5E593DFBC05A68D8DD4C3D61B039EC8D0EBF628AFDCA4731F6E1FD4F77F92B,1,0,0,0,1,431,2310
5F7211867CF6646AF819149985B4DCE6A74F11C3E27C70BD9979664CB2002F72,1,0,0,1,0,1845,7431
5F74092C2455C007ADA1BC1AEAACD0C717C6A23575CD78EA8E98050A81557D04,1,0,1,0,0,1111,3852
5F98B3CD66B2623F46610B7690F7EA3C27455901FCD938D23315847C2EE0A9E6,1,0,0,1,0,1757,7792
60011572C00F5C47708FACADB292F8732D75DF86E7BCAA3FCEC036EFAEF85D11,1,0,1,0,0,1648,7473
6027A0239E859AC088A849EE3EA116B3CA84AE441C59A5F18C74364E62477F79,1,0,1,0,0,1171,5233
6077D4660107D6CF6426FC5C343F5769F6C7BE7D426A94712936E1D62FF4D657,1,0,0,1,0,3698,16707
60EEE50812F93BBA4A0E4159A55A555E40EE7D5167BD57F7EAD5AA2FAFDC196B,1,0,1,0,0,3010,10055
60F97CC7665E7196FC5D28549D71248A10E65940F334D33A9DE0CE445F02A503,1,0,0,0,1,274,591
6149C874FFE1C58A4FBB138A556E1E82EA5D68AC8361197B3C2BF3BA4D20318B,1,0,0,0,1,745,2580
616923F34B71BFBF881B8FA3677CD74B19820805ADBDA593F4059E7AE6E4F625,1,0,1,0,0,1757,7792
61829CC7D94778CF12CB37820954267D465DC74A2F307B765BB2AEE4C4BC041E,1,0,0,0,1,1757,7792
61C19F43F3A4439C86E6E8098489FE28F02E8716E09E340E2766D19E734D2A43,1,0,0,1,0,1278,3929
61F5B343B47B0D857AC16A617576DD332F8AB89DFC7B5158E8993D129E1CF9ED,1,0,0,1,0,1240,4651
629FE1293ED8309690D7C557DD936D2E1D474CEBBC187C4C7AAA61944D2045DC,1,0,0,1,0,578,2133
6336E7D548A160D01D32F3CDAEA71B991CB32F7C4AE54E22AEA3213769EEFED3,1,0,0,1,0,1377,6343
639A5ABE0E1A72CA62211AA009E9F492931C05218C35AECCDA1388668F41C9D4,1,1,0,0,0,1701,10940
64DCC5A6FA4C659A2DA933027CAA9583B6F99D6387BB22D771C5C6EE61AF9AC4,1,0,0,0,1,463,1467
64DF02B6C5391488980D1AFDE43DBFF1520C775CC07E1DBD58DA323BCB131F6A,1,1,0,0,0,489,1679
65179C18E878FAC5ABFD64C3DA8BAF9E658C0900305C279D6CC8ED010081B311,1,0,0,1,0,1228,5016
6520D5417817E737D6F48A0893B9D87C6A3821808A1195F85507C4E37AE95890,1,0,0,0,1,1503,5775
65B06A10B23D4A3B6D4A567F7F23164398CD5C4070609A313F86693EC1157285,1,0,0,1,0,1667,6266
65B97F7A4694B8BC8FAAC103524FC324435B1171370FC70245A244AC5C41E316,1,0,1,0,0,503,1693
65BF15596406F2E607F7639137D3A325910246D907E0394439DA7629609D1364,24,22,0,1,1,424,1132
65C09EBD82E4B6E96BD1E0E47747EBD746BCD57AD7D3E4B1E41C6D0E3A37265B,1,0,0,1,0,1285,5053
65F2E6214ED70832703019A04C0C8B6BFDAF2D4507CFAFD192B1E45FACFFC66F,1,1,0,0,0,1371,5561
65F6EB3731912AD7D5A6BF7B84BFEE7BC3FCC5988F787A42F065A8B50D885391,1,0,1,0,0,1329,5344
660EB826E4800BE7C4C8C58C73EF2ECCBABB2772DD673BC9473FFAB40CC6CCAC,1,1,0,0,0,1310,5358
6612962906ED86D14B99A2AB4C485A528F6EE67D4A87EEC54E86113FE1C9498A,1,1,0,0,0,3817,20261
67EF089A8E0F447E772E182D6DAEEA0892E9C2E9B139AB7C95E1B8F46C0FE06F,1,0,0,0,1,1997,12017
6818C466F679E9EC887E81D0A35268BE1BF29DB1541FFE8A44038E3C21F5F1FF,1,0,1,0,0,1319,4823
689394EA48D6642D3C02CDFC81F395BBF03CEA4CD85C608199DD1939EAB5861A,1,0,1,0,0,1380,5365
69877EC5E2F59C249D636B80026F87564031EC47059FC737DCE0A8CA68C520C3,1,0,0,0,1,3272,14682
69BA9CB83CF3C403F1465BD8D5A83F8E69F8B243D1A7CC85CFE94FD0C966FD9A,1,0,0,0,1,573,1883
6A51F2591CD1B6490D11E5681E4BB05B11F8C5C7C78BDECAD75BE372BC1CD4C8,1,0,0,1,0,1603,4922
6A5BD83AA66E12A5DFDB9FE3C5ED87A5D86D6361750D7A0A989E3F37626CBFF8,1,0,0,1,0,1273,4424
6AB2ED47178F4510EFBB07B63B182494E327CB2354621D60A89A61ECE007F4E4,1,1,0,0,0,564,2089
6B08750B9EF0C0E470EA3180DCE21BE68364A03049470E77CD3A7EE337D6A42A,1,0,1,0,0,708,2627
6D618CCE02EAFCACEECD90098107D9ED3A3264BAF589DBDFCF5B3EB4203985EB,1,0,0,0,1,717,2689
6DA0095844EC99CB9D74C07C81F522DAB17D7B9802A26135D65CD0DD13DC10CD,1,1,0,0,0,3178,16459
6EB3C8A8980B8B33FCDEBED2F831EDE2BF2ECB4D88D8AD8643E435B194A1E0E9,1,1,0,0,0,1465,6141
6F527A41674DBC8656AAF0A2D2127DC304E9F051B5D6334C0613265EE125EF55,1,1,0,0,0,599,1623
7040FBDEFE26167AEF7BB4A16E98810EA1A15A5C98A17C378DAF003B47B61303,1,0,0,0,1,227,511
706668D73EA7FDAB3F079AEADDA5FD2AE00604DF2CA644571F1E96A935707F30,1,1,0,0,0,729,2715
706808DAADC6B3D95C383CC04213AFE18A380BB227F78F6CA9AC24A992145947,1,0,0,0,1,319,560
70A4573A9DC40C390C8B2660068EDEE1C3ADE835F3DC94F52E0E1301D8A91FDB,1,0,0,0,1,3303,11171
70A931C6ABF9D9DAA3E3A42EC875F0A8BC8BAD3C081F04AF592F236B8D1EC78C,113,62,19,9,23,967,3029
70BA8A5E17AD598A3A2BDD5A32224C562BA1DF5570E2D6EB3C03CF8F005EBD37,1,0,1,0,0,655,1694
70C41E7C9F981B9D1AFF433FA8A908AA6E5833EA23957A0D6A13F36969817B3E,1,0,0,0,1,1483,4929
70D127CE84B83198C9AA1DD9FFC360935E3BD417650F1252E745A3FEF3AF5C78,1,1,0,0,0,1647,7471
7112A4073D3C20BC65A5BA14C6153C1FEF5C4896EDE3EB9CD82E27F9AE9C2A8E,1,0,0,1,0,729,2715
71CFFB0506F00A8C47788CA27F26FA9712294140E98E585B370AE775F25B00BD,1,1,0,0,0,1276,6043
720BB1474F7877549743B071827D4354F3FD02D2B9350446003C2D6423C1D524,1,0,0,1,0,535,1856
725D0101495C92482683391392290B0B29AD63EDC80449BE21EB45AF093F50BB,1,1,0,0,0,1405,4893
72AC4F556B252BD63A4E562DFB0C4D3517B50FFE45F70DFECAE8425BE85248C2,1,0,0,0,1,752,2898
72B6C635AD3A401442C387BBC9E52537995F43C5282431C880283CBCE4A20F1B,1,0,1,0,0,541,1243
750C7F6873D0CEB85F9AE8A1F3A2706852AC4E7CFF3A0354C50EF7D59AD297AD,1,1,0,0,0,1179,4319
75E104407787A6E91E8629819F48D9A9275A8892C2FC803CCDDCC6FA71578AF2,1,1,0,0,0,3343,11954
75F88AA3914CD6A153DB97F8DAF37BC5E175F180D1F2659A05123DB6419AFC91,1,0,1,0,0,357,736
76D6EE1A7172C3AC06F85F01950609FE504661E6FE2984E88A410A9BD645E965,1,0,1,0,0,845,2261
7752B6AE9EF13ED504C2DA290103C3165E0933295F2DE2DC8F4FD3523DCC213B,1,1,0,0,0,1205,4185
7856423F087DCFB69BC12E9D5FBC7523B29D4694C11EA00B778A882A4126B497,1,0,0,0,1,574,1888
78788071CEA7876DA0B4446D6AED2EA9B84238FA24C911B1D2FF3C60F16DBA8A,1,0,0,1,0,736,2892
78BD4B7C2F7BD1FF79A51E673876C78E4C2C8B8D6DBD0FFBA2AF34EED3953094,1,0,1,0,0,932,3733
78C654595CE2F2AD02A7938F3CB4DC666F2811DCCEEDD48511ECF78E5D66A0FE,1,0,1,0,0,824,2960
7A299490C4D512FF13BA79EF576E18A38394BF0070731A5D4EFC6C6A2FDEA832,1,0,0,1,0,1613,7983
7A91FC9610241FA43D7D43BE0CE452DB0D1BD61BECA926388F1BC81049D69526,1,0,0,1,0,1329,5344
7AA00B0D7F18B89B31181E62F93E403DC6E178599BC86853AE0197BD7C9E242E,1,1,0,0,0,1712,7570
7AF576630AF25013F9C25EF474DCEA4C05846837F10601F9AF19D6D7DEE2C5B4,1,1,0,0,0,1934,8071
7BCCCD637B084B8B33724CF0BDF8E3956BC8F7C74BC7008C311A5C972B4D072F,1,0,0,1,0,951,3900
7C8E40838A93FD8671D78A626B61564128DA18CC976B182763165A7B52449179,96,48,10,22,16,604,1728
7C8F62A8CEDCF0D911F402B18AD61AF09BCCFCA8A66FFD79D9A9AB5E93FB11F8,1,1,0,0,0,1310,5031
7CCCF2EC25357DAA3B6A49EE44C78ACE5D6A7F6E9581143ED9B8A8B7007D8A6B,1,0,0,0,1,469,977
7CF8646D7F22904C2F6B4F31A5D88ABC3676D54755766CCD646025003789AE9C,1,1,0,0,0,1018,3578
7D2534C12B96FA486030784828CAF5E70EBA175E267DC6F3E5D67AB75FD28749,3,0,0,0,3,563,1887
7D5C3B3DD9827B7185B7C8662268B83F67AAFE459F661CC725121FCF34E3FC4B,1,0,1,0,0,1329,4953
7DC0E10A3B979D040BAA77B3B3DEE999C1893196DAF2AD87258F5BC3B8266D97,1,1,0,0,0,315,716
7E378594CFE88E7879E78E72851D418001C01052B91478D8C3CE7352CECD9A67,1,1,0,0,0,695,2156
7E3BE1537913D8503CE2B9D283ED565CE57D3B6E9B5DB9B5D2F67BEE8A43906C,1,0,1,0,0,927,3313
7F488D067C1996B1DC5AE574E5224751CAAE3A14292B5EB92190D37AA0EA69E3,1,0,1,0,0,722,2670
7F7C0A32F64A232CF71CB290B5EB50E799DB066CA1DBD33E7D1AD7DA3463F716,1,1,0,0,0,541,1241
80EBE0E057D0E6B59E55B2B1C34B0A596B5EE43869D5B8A4A89F74809296CC29,1,0,1,0,0,1329,5344
80FB29E326B9BEB6744C3B8F6C29B725594193DCCA6AEAE476211491582EF933,1,1,0,0,0,724,2676
812D2B23CC6A03A643B35A3445493526DB27CA8FE764B0E20681F47BC5FC4963,1,0,0,0,1,393,981
8143A72B33FF8C6819FBD4B4028201963695BAB08C2759151C8CE9A5001FE1BE,1,0,0,0,1,1285,5053
8233962C6388A98BF87ED9936D15BC56DC8566650849438A6451A560C91EE1DC,1,0,0,0,1,946,3878
83262E44C242A28F15245F766DC8943F719CFC400D90D76CC5A2251F5E34B06C,1,0,1,0,0,934,3358
834272A4C8DAAC4F8A01BBA0481983313ECE01D59664FAC8B60785454A23CCCE,1,1,0,0,0,1465,6141
83F15F915A93F1AC3B1D6618589D0E9B1D7763F98A06CC86B9BFFB54CB658212,1,0,0,0,1,964,3750
849B37334D390E66435817606E4CA2A9E3817B8B46349BDA0D56DC54482DBA01,1,0,0,0,1,481,1455
85902D35F8EFE4006E2E6EA604D11830A5B34DE1E171688387BC829DB7DF85BF,15,1,0,1,13,1173,3768
85C7D1E8B5C1FE3DB49942C520235437C5D0CA4619521900A6B987DD28FE7EE4,1,0,1,0,0,794,3739
86460B4D14F42412C2ABD94EF1FDDB1061A4C410CE9BA9BE3B724A768B767C0A,1,0,0,1,0,950,3452
86D62F1965DB019277F52E78C532C9ED960F9ED450182E536AF6B26F8CC682CF,1,0,0,1,0,712,2607
87AEC2CC7C53AEA82A7E241DF3107AF8B3B815D82A9B61B47B9F82C46B220C80,1,0,1,0,0,1060,4241
881C24F7F02661F68BFEB288AE85DF29D6CF58846BED1D89AEEDA10B2AFAB94D,1,0,0,1,0,1407,5805
88AABE2D391F3F055EFE7AB1A929F8B16FAAC8CD3E304756AF372DCB0458911E,1,1,0,0,0,452,1205
891B50900716147BBF4DE32594132BDB20DE0042CD603D479FBC976F275DC7AC,152,15,72,39,26,350,820
891C54A6B885C95236E6F05F7B60A81A642BCCCDA0CBF57F17CB75191980DC95,1,0,0,1,0,932,3807
898C1DC144096BA442E9BF57BF856CBE9AF48D6E5EC47549D73B7DA34E13FBD0,1,0,0,0,1,1104,5205
89B05627F6FF1BAC4A139257BBDD29B25E6B6D6B3F4990B16880D7337527A46F,1,0,0,0,1,1231,3980
8A27333374AA9823A6511C5F4C58E2AB4B4360757DD63E78A075C0FC8820C6BE,1,1,0,0,0,694,2501
8A74C59B3CE5BFE08A227DD2A8B2E96945FCD344A976328B8A365F6AECB7634E,1,0,0,1,0,503,1927
8B53DCDA7039A77681989C705A9389DDFE31F0038330A982987B737DD1DF2C83,1,1,0,0,0,917,3242
8B7EE50F0C5F63234DD57C5C39521EEADE7DF8D3B33C33233ED26A76A30299F5,1,0,0,1,0,1353,7032
8CA959EE8F132D5038630199822B2D0F228E6028A7137FB1F76D92D30FF3540A,1,0,0,1,0,924,3290
8CB684F1C8FDA8D16E9399F9B75AE1972888BA4398EEE1A7BAAB311DAEAD5F0E,1,0,0,1,0,665,2191
8D40BE3A96ED366DC097A5229EEC64485ABC6D53515E6F38BDBEABE8FC7094E0,1,0,0,1,0,1197,3570
8D55D618B7C796EB3A58308F8A781BC41480EC8E5B6ED4351B37AEDF742C2449,1,0,0,1,0,674,2261
8DB23C95A9652F606602B3A8024386FA005DA0144D36B95ECB8FB6713282175E,1,0,0,1,0,748,2300
8E180620757A954622A66991DA474F68DCF00BD9C153BA8C16C15BCFD0E2651A,1,0,1,0,0,1285,5046
8E1E36EB69B7FBF6A17D1A59BA62B4EABEA5ED0FE74FEA4D941EF69D11FE5E80,1,0,1,0,0,1231,5153
8EE3FE1A29113A602AB4B2C78F7BFC1B1EF315064DC8641698D27056060F9A7A,77,55,5,8,9,720,2197
9016B463CD5EBC6891E1498DFD1C05DFAD4C8318FCFFE6DFAB1802AB3616E7E4,1,1,0,0,0,1176,4530
901E86ECDDC48BF9E62103EF0F3FA0F4E9E8098AB59900EF2347107EB8199D43,61,1,49,8,3,877,3496
90C2F29F4A016C0432A497FF18781A2457A0822293AD336D5CA3AC81F7BFB99C,13,0,2,0,11,792,2556
91E4B1EA0380A4749428150F7CBC349EAA107E7247F704F6E170209FEB68E2E3,1,0,0,1,0,1405,4893
9276EDDAA77193D09130069547A5BA5A50B4EF097F95174080A83F8723B2F436,1,1,0,0,0,1073,4761
9349098B52432674C5557BB59DBEE11C3C95669AEEDE46DA062310FF6389B23F,1,0,0,1,0,728,2709
9379F366BC964AA0DC54D03604C687428BF70534C45B8B5B68EB76EA34179CA7,1,0,0,0,1,1968,6664
93E7B564908C575E841FEF677C8B73AB74EF7B5B2E53436F7200FCFD3F5137FD,1,0,1,0,0,1474,7329
9499FABCF938186AF1FD5D95F968074061D249B397486F58169B679EEBAB2BB0,1,0,1,0,0,715,2616
95365F74B549EDBE39E5162DC5C005283A7F31A72B847EF55692B184F7515335,1,0,0,1,0,1120,3336
9742337482B477F87A524704EEB7863EED810A0DEE62D9F10E446D6ECA73B041,1,0,0,1,0,1010,3925
9836781806F3B08E16798C936D8DE24D1B19170BBA137CE178327D84E5FBD6C4,1,0,0,1,0,1231,5153
98A1E2D2EE012B99D1FC55B58570DA401C85337739D59000E403C2D4C8FC0D31,1,1,0,0,0,504,1830
99D7BEF826A7FBFB34EDF63F60B7ECAA095493A29EB91A0DC44BCA7E7431BC85,1,1,0,0,0,741,2017
99F03BF7BC45D007D9B776745A581EB81999BB184E7147FE5C5AAD5F52CA8F53,1,1,0,0,0,1019,4379
9A6AB71A3B1975A799142B934E31AA54D76CC582C702619B06B0C9B0D8FC4C00,1,1,0,0,0,1137,3969
9AC750A2D51063D18809B9BDB38A6F708A6A39100BC915C249FF4CE1B187C3CB,1,1,0,0,0,743,2827
9AFEB0B4231F860EFF4629BDF50542E3411C44AAD7FEF2FC9FC96C52D6948B02,1,0,0,0,1,713,2608
9B00AECB95DF038C1E948753EB36DA88932D2E604D096CCCEA4B3611828B53AD,1,1,0,0,0,1189,3283
9B38ADE16E80CBC200EB2B172659F54FC30D833704E7BE00B289550DBA0CB3F3,1,1,0,0,0,2519,11455
9BE747D0187AA4C2EA9166FF4B58282486AACCD83D63F00707B533FBE6FF1CB4,58,0,0,50,8,775,2487
9D682652346B53C963576E92115B53A061345A692C9B45C2297F15176934CD4F,1,0,1,0,0,3010,16106
9DC03D9EDEB804FFC24E216EAFCEE1028034552829ABBB7B584F5A07305F7CE5,1,0,0,1,0,778,2894
9DDB570D40EFBB446CA16E46E67B02E81F48767DB5818F1A0AAEBA97E7D8A6DF,1,0,0,0,1,378,811
9F8E54DD3C99602B823E1A23E2C4798D48726F6F2804027560EA82CD53F82CFE,1,0,0,1,0,3228,16704
A08CAAAFB120FA5A8F1F22C42D263F0C5385C7EA5CEA2EC82EEE92ADFD7BA621,1,0,0,0,1,226,498
A1A05B16105D80C70183D633A5F2FF7B103FE33AD890D3FF052AD08AE2E40022,1,0,1,0,0,883,2504
A24D7E72CA983F2E945D7C0B71797852A38D00BD190D59D89E5545C5833C6719,1,0,1,0,0,1167,3670
A32D4205B71FA5620A5C24760DB3268593C0653D9CCCFDE25BFD0AE315ACE4E6,1,0,0,0,1,1365,4715
A337968B484359DB18407ADF53F50BBE3695DBB0A4FCE928AA1478B116AAE873,23,0,0,22,1,1026,2821
A34E28CECC8905758B38CC71B744CB7EBE7FC7042CD4C4193FD65F5E6C008FB6,1,0,1,0,0,850,3035
A35EF20CB2FD2932D7740F06FC94BB90EA30354E19C2CC1C1E6EFF84A3E5BBD2,1,1,0,0,0,498,1263
A3B18380D9B69415C49674A6C116384556A6FD1E23B5A27BDD67F7A5AF8E062F,1,1,0,0,0,917,3242
A481E2C9FA1094D5792F3105ADAE6208F31A209A958C829071673EDB5AA5208E,1,0,0,1,0,770,2927
A5563751EE5944088BDC97A8B18C302CCF01203E08E3779982D381B7B6B947E0,1,0,0,1,0,1231,5153
A5CBA092FADC1441FF1E063EC35F9675B2D5FACB936150D0F1EABB941A292183,1,1,0,0,0,1196,5246
A67E98D25F7A305E3117F5D83E5DD1369A06ED38E59927C61027A76A6B1F8596,1,0,1,0,0,845,3768
A7F1AB59F71717D1075AD1B0CF8FADF6D1EDCB83925E4599DAE64EE483F8C89C,1,0,0,1,0,2716,11006
A8726D22A5480651C395C88D9CC24C0CC7D8B2D2D626526454EF96DAF0BCD999,33,1,2,30,0,212,340
A99E6258D76FFF677B43652B31E62C53EF7D75A7EFDFA21E8B6EECAE9B5B2635,250,104,66,39,41,2502,8044
AA5B969CC77CD4E53B3CEC775419CC051D660B90D3DB597A5A6E750F87A781EC,1,1,0,0,0,927,3313
AA87BAFE19F19290F5958831C5214A0596E89AC5F34F02A1F0633DDCEA62E837,1,0,0,0,1,889,2996
AA8A61E53D5F1269853843DD65355F3875CCDABA74C808ACC080C9E250B79717,1,1,0,0,0,714,2610
AAB6B0787D2D41060F93B244E02CF92CCD44709C89DD5044006E9A2D50EA9D2C,1,0,1,0,0,1452,6021
AC09319AA350161C0F8368BFA2D153BCE0F569750B44879E6DFC38C15DCB9DD5,1,0,0,0,1,3203,14812
AD07AD23AC34CABA6356D01C4A20B1A2E12C805B3A2DF76042083327D5301A0D,1,0,0,0,1,757,2290
AD8F314F4DAF352EFEFB080AB8A0938C666393429AFB4E211F77ED6ABAFCE591,1,0,1,0,0,1202,6077
AEE9CD42141EC50ABB2C3B42C005A2CAA794809DCE47058C319CB17ED51551CD,1,0,0,1,0,1405,4893
AF04BECD9C956378EBEC613D33A8350806E2B29F9A27A4744BFE6F06C86EF77A,1,0,0,1,0,1236,4019
AF89E1A800590192573090B3F95846C7D4F3350B2B386399685B86B34631D4D3,1,0,1,0,0,1088,4131
AFC78FD6A8A747FECE1A77997CB011A8855719C3144AA14AAC90D01F46703BD4,1,0,1,0,0,1231,5153
AFFCB84F376D7DB653849215B64D0D3E1F0CEBA9D0073A9C96E8BAB55CD85C27,1,0,1,0,0,3228,16704
B004D45A92BA8BAE8C80CE05D6FC0DBC6B8B6C23D73FBE14338BC993B26A3C2A,1,1,0,0,0,731,2017
B03CE31CE0EA5F45D078F73C20991266DB43B4B509E16138CA64E333694CB17C,1,0,1,0,0,3475,18604
B09244E90A14352A240572E790AC353DC94C05D121FCFF7BC083AD2D7EA29C8C,28,1,1,26,0,2036,6365
B0DB104BDBAAD860742C35B51487ABAC23B0A0A8DB79E0779594BABE608F7C09,1,0,0,0,1,1317,6062
B12121A635A24233240E52FA261AFAD1D21C6EFF4E20DD10DB97E18FD95DA852,1,0,0,1,0,694,2501
B2407F6F4B87E3689133F720E77586A40CE2511DA87FA71DB4A148B446D5419B,1,1,0,0,0,921,3131
B27D201A59F12009302A4273E9515BFB54796AA4C7B14E67E765B18086120137,1,0,1,0,0,729,2704
B2B371992180D8233A5867CEA9F2EE51217FA23C2E1C881C8F145B0EF2D983D8,1,1,0,0,0,927,3313
B325DB20495B31633E4E6D081984C3D08F38167D402A7A91CCE683BE73106995,1,0,1,0,0,712,2272
B33830977674CF9590EB3F7A55EEAA8ADBEA413D3CCAB95F6DAE97CE5061000B,1,1,0,0,0,698,2621
B3BFC0BB219A1DDD1F0C33B1BDC78137074A361E87F8E2C3302B48386554682F,1,0,1,0,0,739,2366
B3F44CFD210B10B48255831FEF4D56C016AE910D0FFD11D05D554E7AF4E06465,1,0,0,0,1,1218,5549
B4A1365AB4E00110F31CBE4C823F5B6834EC52CD09F56BE4E8074FDA9EBE6535,1,0,0,0,1,690,2483
B4E0ADBB9CE603AE940DF4689A1F17B952FE7143B4E46CE5928774A7A0DC50A5,1,0,0,1,0,761,2355
B53BB1E74D3180B17D7FF530C514B5A189A7CB061B5C1C7F60512FEB8DE08B54,1,0,0,0,1,1135,4244
B55AE5A80BC1B1C1DFEE4880B6B2D232D5C4DD2C8CB9AB2FFD0A1C6BA6B5CC83,1,0,0,1,0,4400,17163
B55C99D53DF5441EC0FBF3D6299205CF784204AA85AE1639329C5171DBC0D9DB,1,0,1,0,0,1149,4361
B6994C0DAFD504A74ED4E8B7695385A2FD6C0B765D2DC612BF993D93AF9B9DBF,1,0,0,1,0,1084,5254
B6C4948F9223D12C351900756FA60FE334CB90BE04BC7CEE6C67293A3EF0228D,1,0,0,0,1,492,1686
B703D73C1280A276D4BE18F676F2B60F538B7DA37E24E9BF2C384BAE054A03A1,1,0,0,0,1,1068,2832
B79D856F0480B681D6D0426F92AE467791E10865956E7CC6811EFF362E6836BC,1,1,0,0,0,2031,7234
B857E14A7CA8120938E4D629658D3010A66DA7C602EDB9425498E0BA1093C930,1,0,1,0,0,1422,6341
B8BA782821FDE8EE34C2EEAFC598B4DED68A2D5E69EF60D4C632D4763A2429E4,1,0,0,0,1,504,1344
B90564F3809FC8B0B0CE1CBC53DBFF6C6A293BCFCC5EF7821E28BF87262FB9FD,166,30,23,73,40,627,1940
B9D5792ADF511459FBC6F0DDF09FD4AA5E6898D13C3ACC51D8D9CE39A5604F0D,1,1,0,0,0,931,3354
BA624B3E3AD264E1EDB289DB1BD9A22A1C799937077F89C3F6AB72DE021A9344,95,18,21,52,4,1968,6897
BACE6B5EFF4EFF2A01D6ED2AFFB5AA776963A08AF18F7810486A204650C8EB1E,326,105,64,90,67,955,3057
BBBEB3CAEB5F6D084732935F02CD9E8AE24589E6E6748CAA52A029905BC9D7AE,1,1,0,0,0,1316,6041
BC6A52FDB8CD5F9F218C55E9E6EABBEEE33749103F4F752BF560742E61E6E3A1,1,1,0,0,0,917,3242
BCA1889A397E6385A76EE8F8955536A4149820DB5005A6D2B8BA40834935BD85,1,0,0,0,1,707,2580
BD56751A2E69C70AA7531CA5DAE5A449135DDCC9B40D830045FF6A3F891D8503,1,1,0,0,0,1010,3925
BEA962751E6DEE101B41B6E6A880DF44BA1954FD619B247202CCB253AE1FE465,1,0,1,0,0,306,592
BF5CA63341EBB13B8A3B44929F3EE7AEEC4312BF86E7552F59B4E75F562AB61A,1,0,1,0,0,917,3242
C0014820085CBD8EFFEFA678D84BBD0F8D4F67B9C38890352E6AABEFF9392374,1,1,0,0,0,745,2771
C03F3E173695A66C2B6108DCF8E0468F65159677FBF24B3F5E2C18AFA2EC62FD,1,0,0,1,0,761,2355
C08A15D0C2A6936D61497109E9B0082225C7DA79BC46CD3394DE7F9575651742,1,1,0,0,0,315,716
C11658515C60C5257FBFEE74AFF8A33B48EFB2B17BD104F80E7917A7D9BCAE59,1,1,0,0,0,1237,4281
C14C25B57620B275BACDEC2E5E8C324BE012B35F4737A1F8107DC1E71887A38E,1,1,0,0,0,1004,3487
C15CA12E6F8DC5D7EBD857304AB09514E67FCBA4D72A9428576DB0B20BF736AD,1,1,0,0,0,806,2171
C1CDDEDCCA05EDB614B536F4E2EB84F332CEFD989D3FA1EA5D0EE3BEE5B10B5F,1,1,0,0,0,3715,19176
C2F161A76BB7564DBE1EF491B8031E6D1B72873216A65CFC8EEE37F21D1A93D4,1,1,0,0,0,1254,4073
C2F568A94010E8039E3D914F56C1EFC12A2F60AC734ED51B27CDA9CF4EA8711D,184,81,28,41,34,817,2654
C2F8B1549D166D8A7CB935A6A19F4D7CAB131866721D3BB9A92A0E0D325631A3,1,0,0,1,0,858,2429
C30231BF7223C5220C71A373CF81B21B52D022667785360BC50E9A163B9EA5D7,1,0,1,0,0,1360,5561
C380C5FF5B343AE19CA18F1BBC0C82A6E79DFB5C46E76C80FB9FC17D624A1829,1,0,1,0,0,917,3242
C3F1B8AA1FA8E7944CEF34CE4B4CAB241AA7D87111D323215E84BFD137A9FEF3,1,1,0,0,0,2032,6289
C451070066E3D778251E0EDE61BA2730E959C0DC8014C931F774A463C72BE2FC,1,0,1,0,0,1254,4073
C49F859B04E911275FE738156F3978F780C6330752F88A2C70CC4357BD9819B4,1,1,0,0,0,681,1874
C4AF7A7BD903E2359B2E058748A2E76C7136A8B9A15D8C539AA942B60C47D4C1,1,0,1,0,0,1317,6062
C4D5E17F8449A7C2BED3BCD692676BC5546826D41887F8B9106D0ACD91806F73,1,1,0,0,0,798,2553
C4FC1D57354D3AA264E669BF0E59C7C0F305D56FC861A81D93858591915D9C8F,1,1,0,0,0,3303,11171
C5307060B3DF2716CDF59D752CBFE61B3AC8F44E18C062C0645921DBC44DB57C,1,0,0,1,0,3875,16059
C5FA4D9FB1179D7F181206A77B37463095A8D74AF7066CB78A02D6138A76D206,1,1,0,0,0,1232,5131
C5FBD24A60B80625BCE3E55E0916EC04C77FD587A27F42F89943EE160A26CD6E,1,0,0,0,1,713,2608
C767BB6DE6A8ACD82E65C0E03E66DA5379009550E275336C337AEACCD7F2EE2C,502,154,107,97,144,1552,5134
C7B53CF225081332FA2C0B8520E75572301FFBD1F324D4A869B5F7CB671A1C16,1,1,0,0,0,322,567
C865CF2C9F81ECCD094930FC841027FCF6B1BE7D2DEC571F38647A44D416C708,1,0,0,1,0,1895,6852
CA8DC91C9DD8E57CC3A8F61416D82B19E8214EAD433C3B3633B487D6F5CB3EC2,1,0,0,0,1,2685,10661
CB0558065E2BC7417EC1BF0B3BD447F7F954809DCD3A466653A66714DF77D049,1,0,0,1,0,1231,5153
CB778E947662FF8B8B6553C83E7E71CA61389711F3FBD44E7EF555DD5F44003C,1,0,0,1,0,1329,5344
CBA92E8D9945B3B8D8CCF7D96A08A876FF2947CC4C7DA89BBE5465707A7EEB04,1,0,0,0,1,879,3458
CC168982C27D2B55830E1847916F226B88134C581FB1A8ED05B8526631FAE821,1,0,0,1,0,1467,3944
CCDF4357430E8D7BEA283F0EABE3819BFBA375A90538E1D4E582E68DC5B87279,1,1,0,0,0,1095,4010
CD732989E3660A658BFFE386CE477AD8EABA27D539BB1D82F916B05BC563A154,1,0,1,0,0,1440,6631
CD8C25D35ECB43DB2576B9A09E22165E2C57CB6BC0535A45D581F549C6F592E6,1,0,0,0,1,1068,2832
CDD32579217E1AB71F6AC9EA0DEE184AED8A957714F9F13CCA13821FA28EEF08,1,0,1,0,0,1457,6360
CF997FE5C0AB00EA447EE13F7DEEC8E97EFE412F65355448F04565A1F7AC0E72,1,0,0,1,0,1396,6390
D0173CE4AAA316C9404A7BB298F8EAB25B1ED63536461B44422B0B22E396C32A,16,0,1,14,1,1068,2832
D03C13E8370CC873FBFE58171D5B9E2A4F6C68522D96BFA4D19E3D45EE84B88F,1,0,0,1,0,1138,5120
D050825DAE63363B3A981D63513FF6EA21A850BF22EE2D9CD983FD96624E023D,1,0,0,1,0,940,4050
D0ECE435FFDBD67E523086B519A25CD7C576883C8E53084B16ABD252F41FC2F7,1,0,0,1,0,2759,13427
D10B1A542AF0AF28D5E2B1E9C8790A16BAE2A49D3FAEAFB16E8203F0D9D0E98B,1,0,1,0,0,845,2261
D1138CD89B96A83288F4FFEC3A60BFB6CFEEC85127E7635AC4BDC151852B0B49,1,1,0,0,0,1004,3487
D116ED3B774C1A636CC7545B076AC1B0B235D2F01EA8B8D599F76182D82842E2,1,0,0,1,0,2059,6452
D173AED7107965D4634FD47646B0C463CB8FB784B757ECB684382F3DE8ACB52B,1,0,1,0,0,911,3206
D195C441617A9B9EF4B581979EBFCEDE62296601AFD57954E858303A0E77151E,1,1,0,0,0,1102,4093
D1D86B74FDAFDA4E8B382232A653EDAFC9B3CF4547CB4FBBAC6BE2C11C8DEF08,1,0,0,1,0,3808,15114
D1E18D353DBC8222FE977BFAB065E646E4DE02EDEEFAF1C4F81B4EF751CE050D,52,4,44,0,4,1222,3768
D22CE400FCD7331B547CF8B4F22640814F9069CCF70B04D182B888B9F44B0655,1,1,0,0,0,1254,4073
D32CB4A8EE2793D9301C9865094C430AF480973B1DDBAC89CD79A6D3DE7EBC0C,1,0,1,0,0,714,2610
D332654CA080AF2AC01AD596EC3D9EF3700150B447F433BFA7A58094FD30E7D7,1,0,1,0,0,3277,17093
D344153C1CED904718BB44F61A26CC95DA4BCD40BB5BBAD9E3B527625676EE59,1,0,0,1,0,3203,14812
D421D13D404620D0F6F6592096315402BAD730DDBB844DBD1EBC8E0D8E1E0E18,1,0,0,0,1,1333,5181
D42932D98609B99E936764E5B3EE0F5372BA5288580771704FEA1A3BF50593B6,1,1,0,0,0,845,2261
D42CEC338B599C83B15DCE31F68874DA9BC5AA731157FDF728C33CD2A0266D73,1,0,0,1,0,1010,4326
D44C1D38490BC75231A09A7D18BAE966518F7F4F397DDC368BB781B538A258BD,1,0,1,0,0,1615,6929
D45C73C4AB2662B572332DE9E9AA9C21A41D28E2A994E7E8F2C3D86E99AC834A,1,0,0,0,1,1405,4893
D46E0E988479820E335852BA501FA4CDA382E698449A7B42ED98BB13AEE67B1A,1,0,0,1,0,1405,4893
D4B4EB534265004C7B6BE710035154621123FE28D8605A68DB72CF51D8D45B12,1,0,0,0,1,1210,4235
D4F9B15C4548F6453B6EB1577074BC1570D1C8D2186EB7B684F553BC04EB403B,1,0,0,1,0,554,1803
D54B3CF07A1CAA2FCCDF4D66781A8B7107751B47EF5AF2A7E084E698868ED1C9,1,1,0,0,0,1850,9615
D5B09E8809892F2EED12AF0A329D2FD15722E75CE8D86AFE04CB9D19B49FD225,1,1,0,0,0,1527,5245
D73B7E764533C55B17D465B0060B88C734B6B5E302C7DC628B1258AA61227444,1,0,1,0,0,3413,11901
D7878F3C8427D598842504A3782B1F7A9233B01C273D6C7506E4D8A594EE0B91,1,0,0,1,0,713,2608
D7914602B74F3B5D605360AC76EF671B7ECFAC7D5837ABCFAA9F6206E3491287,1,0,0,0,1,1539,7439
D8160997FF98E315FEE7DA2FEC22F358ACB9BB7EBE525CC5F83E4C5B83EB86A9,1,0,0,0,1,2575,10520
D822F2587C41CE5784508105C73D641AD429A76E6AD08EF71C27850A8FDC375E,1,1,0,0,0,1231,5153
D8C81598EB1BEB0BF3DA289B6502ED8827D752368D374A16DD225666141F5EB5,1,0,0,1,0,1231,5153
D95992091D81B0233B8BBA2B53A5F0260FBE6A0F53FD1FEBC5E88F93EC843ADA,1,1,0,0,0,1119,4097
D97D1DD8F6600E311F1318C228DA19DF24BB4E13A1C85950077061159D37D67C,1,0,0,1,0,1368,6366
D984D717995FBEE306EFF1407C69ED43F8896C1FB1872D4122D170441CAC5FB5,1,0,0,0,1,804,2367
D991AFF3D5370D3173348D76B3C8C8F857115BBDCAC321F3BE25240FF2A4EC73,1,0,0,1,0,3352,14214
D99668F1CB3CB1187E8C5A20F423CF3049AD853ABE1C5C727F2F19F0C3AECB3A,1,0,0,0,1,729,2715
D9E8147551B7B47778E96522512111C2B94DD21E81FC41319C6808E288A759F9,1,1,0,0,0,1149,4361
DAE8A85FB1F3DB3701553241153A92CDC4C0D223E345EBE3191479BEC51E2926,1,1,0,0,0,2326,9901
DB26F0A1C45C6067513E6A408B47AB70A0681DD1EE756FE09641E24756E77971,5,0,0,0,5,1060,3989
DB7592FBCBC36E17E70556FC47E8E4C625DBDC06E32938288C3E2CB75878F18E,1,0,0,1,0,708,2648
DBFC2A511A2F1EF83946DC28ECC4BADDC08DD7446DE9C14BE298DF0B0DDF4447,223,72,63,40,48,2714,12935
DC8B39CD021A27D93213F9241D5160319763253D0AFA4C7C95ABDC3FC927A896,370,135,79,86,70,1068,2832
DC945EDBCE4B5781C0A8386EC3333EA0CCCCC907F1A2037F4BF2532D9DDB13A1,1,1,0,0,0,1756,7823
DD80A9734D349038580F6198D2572D0A1EBA8A9A02A817341846ADC98D4D4F91,1,1,0,0,0,597,1704
DDD4D23ED2EE07FF5D690397BD0353317EB7E4A647C77179694DC6C025183367,1,1,0,0,0,3709,19250
DDDD533C70DA14DA10A4D8B77ED9C6240BE4C79004BBF7996EB3234F1EBEC548,1,0,1,0,0,967,3780
DDE45058C7F2FF5E3AEBDDB8E94CC7FF7AE008DDB30E817DF6DC715086A96DDC,1,0,1,0,0,2032,6289
DE14CFB08A1DF9718AFC5D62621DA36CB37DE09340CF51E1F591B18C3E301F2D,21,1,2,0,18,4386,23772
DEAD66FAA2ACE799F87C41714D4E52A945CB4E103860482C333F70C17EEE592A,1,0,0,1,0,1538,6504
DF4F6EFA05AE807E84C98F0456B53C034859664B396AAAABB82A9E19CFB0DFEC,1,0,0,1,0,761,2355
E09E07E6767E0E1125E99284CB11F24E4170A99115A99738B849D15B7041A5A7,1,1,0,0,0,496,1563
E0C52DD997E6A200C2B11728C1E39016C89326C18962C01629F6156676E19A30,1,1,0,0,0,1338,4211
E12463D019A2D64D409450EC48C071F10215D25E1FC3509F8742BFB6FF33F7AA,1,1,0,0,0,761,2543
E1AEC97CD9E6283BF5CD35C8808F6B7D49F7D45AA4B716B44C6924047369A34D,1,0,0,0,1,741,2821
E1E10F4764CF9CF08DE8226B33AB9261D920A1FE3B0D91FF1AE50A167A23E607,1,0,0,0,1,729,2713
E1FE4A2A47A82B852F022D327C5D8CE2A54DD12BDE444C455660120A70EB07F8,1,0,0,0,1,694,2501
E290640BC636FA4C575995532BFF3ECE0C8A2212507FCD706669ABCA9766D78E,1,0,0,1,0,697,2526
E32FFCF04FF285661BA290B0E1D14CC9577770FE535F3F8F98DCEF9C0E2B728D,1,0,0,0,1,2600,8288
E34965F7B5DC6C12D9E481E61927C4ADDFC2065FA361F5F754AC0FD7A63FF781,1,0,0,0,1,1068,2832
E36B2F10AAEB0453D83B6CC6912579B9D3C78FB0CA17EDB1C29D95B2308C9174,1,0,1,0,0,307,602
E3EE4336D9CE447D98EC73005DE764D945730F1174DB5DEE3C944A140157B799,1,0,1,0,0,651,2262
E465A0AD131683891811A452AACA0032822405EA1C3FEB550A796FB8BE798976,1,0,1,0,0,4081,16615
E46C304B5813CE466A65EC2C55209EF87D19E1B9C42B49D9BBEAE5D89C307B19,1,1,0,0,0,729,2713
E4E90C305827B8C9B4DC83285C8ACCE28C70042225B0E248224BD96636FAB44D,1,1,0,0,0,1713,7129
E4FCE7B767F3A440D0BE98377A322010D968A8037D409E40A095F133A61EF0B4,1,1,0,0,0,1032,2913
E5007F1C395CCDAFF567BB36509E7533173594278AD66909DA624E45A52EC9E9,1,0,0,0,1,729,2715
E54602A95BBCEC7D658DC0602A057F25658871270CB627FABF8FC60FED5C52D3,1,0,0,1,0,845,3768
E58DC55B74BE912D6EF8D5B81D22002FF5CED4F7AD6DA4B74F84D4BE4DEC9A73,1,0,0,1,0,498,1263
E5E312CA40C972FD6CC2D2BFE769665468B6ADC5A2C3D7E5FCC8E4AD17FC4ED5,1,1,0,0,0,729,2713
E613CB901C1B8464D2267062D6B6D7D2212A0BA5F0DD90C3210FAA07CAB4A0FD,1,0,0,1,0,1241,5097
E658BB8F70E2849B49E491A41FB2275EF402DD26DC14451005066BD61D66043E,1,0,0,1,0,713,2732
E6F5460EB5C2699BAA4EC45C1C406AC0E0E758620E459D9DB8D25B0C6F866E24,1,0,1,0,0,1140,6786
E71820A3010B5A20819DB1C896CF7F729D03420A69D5C3B826A2EEF60494372D,1,0,0,0,1,941,3403
E718F2614FA33645F20BBB59139480FBC5AA29CE5FBC9BF46357736E46AD169E,1,0,1,0,0,485,1763
E778A60BE8BCFF8344C013F10F297B0D124C738A888FD47545B134CF9E15BA50,1,0,0,1,0,791,2874
E781335864E2BBC12555030869393F86D1933A3F146AC9B1001265CE9989B6ED,1,0,0,0,1,1231,5153
E78784B82396DA364E6FEFCD407F936190DD72A62F6713A8D77812C57B9A54E7,1,0,0,0,1,1157,4309
E8719528E773423626F55932B65BD7F4D04ECA8BC236717C1D0B3448014744C1,1,1,0,0,0,729,2715
E8B4AE07849C5DB72F7FDAB1188EC84679A277FA2D0070DC76B6D03241D5790F,1,0,0,1,0,940,3399
E8B6CCE28C5A068A6485A81375E6A476287054B8DF50683ACA2529AFBF6A92E1,1,0,0,1,0,1319,5192
EA5BC047C90AF5AE3C60817A250DEA0CA49B0D6C3B54921BA604C0763914BC13,1,0,0,1,0,597,1343
EA8B6B6BAA7D4FE25C9D89A4297DC7B59A6E2B07BFD8F79ACA9F12200B68BECB,1,0,0,0,1,3211,16692
EB146D0F42334A4D3A00AE6FBF6E625F081D169E9E786886144A72828E3AAA6B,1,1,0,0,0,2461,9108
EBF14F4B614AB9FED752FE453F1992BD5CD976FF83A8650AEDE464E4E67DE399,1,1,0,0,0,677,2225
EBFF093AAF71FE4A4232537AFB331A1E09F2F7927411198B9C9E02FA61845EAF,1,1,0,0,0,503,1927
EC98DF2F962AA122E1F830218B5A8376ABC7DB053812424F6BB32F782BAE0817,135,27,22,69,17,2472,7979
ECAD6D0043385A2497BACD462093ABE682003A3B76CBC29434771B9A10555A27,1,0,0,1,0,1004,3487
ED4CF204A647DA521C1B0CD0A237EA9A6B52F52798B8CDCD67C501D075FC97F0,1,0,1,0,0,1329,5344
ED5F6448CDB6970112BB6B47A44C64816A0BC0DF5856BAC6D6981286D81B15BD,1,1,0,0,0,621,1721
EDD89F7849B895D04BEAAFC87AE1013AEBEAA9A8778599C0EA7EAF40D76D437E,1,0,0,1,0,713,2609
EE9123BC3C954E793A57D010D585DC6FD9B694FABA6D6A56880F54D8181643CC,1,0,0,0,1,924,3290
EF4DEDADB3A8A49BB40090B0B85DC9CDCB37E851CD72CCF47DF6DFA3CD0FA4C9,2,0,0,0,2,593,1854
F1167EF4CB260626AF56BB98B8EDCC046847AD58D2C9ADF6FAA8150A6CFDF5FA,1,0,0,0,1,729,2715
F1E48A0BDFFE5C5ECB9A08BB6BD0969E440742797334F8107512725F0766E514,1,0,0,0,1,1068,2832
F21D3E8EC3665A681A9DB8C3C4A5CABA408305C12A5FCC8014C54E6B02DBABA3,1,0,0,0,1,1345,8466
F3621A8140A074999A0D07F3174BFD93AEBAE02F77C33608E6555D533D266ED5,1,1,0,0,0,591,1705
F4758D02976C7B8217CEE4F13951B01139E14D2FD32020B973DC74706E36DD82,1,1,0,0,0,1183,3784
F50E82D35CD646FC5AB9207554CDED325C73E62F1015484482AD49ACCFCD8531,1,0,0,1,0,917,3242
F51CFF992010364C4C1E0F7BC09431B3C2DD724616DE6B4691CB12F874787751,1,0,1,0,0,817,3352
F567136E27D6642D3D8754A466072F1A243333B08D9B099BF52FF9C7F1417DAD,1,0,0,0,1,1155,4773
F5CA835587AB195E53768ACDD93E321E1B3252294A807E3856AD84C21F64E6F8,1,1,0,0,0,589,1751
F5DE3D899630BF3A48A2B3C24E5621744B6D6DB27055769FB1937FFAE4C1753C,28,0,0,26,2,2078,13228
F6358376713A2C3150B9500F5DB6DB10A521A625B23A26D7B3C7756717643983,1,0,0,1,0,1553,7732
F66BF1411435265F6CDAFDF6D9D609F6811E1D030C11FC62474570D3A213675C,1,1,0,0,0,1405,6057
F69C4A32AA35F7FDE42C1259FA60E6654A655112D8861604FB5FCEB32EC6F229,1,0,0,1,0,729,2715
F69C9C9D7C175726CC5B450559F45A07E48E826BF3BC31E49F2B37A57260697E,1,0,1,0,0,330,641
F7772E75B8BEA05829DF523F6142DACB1AB4B7517E41F1F70AA04AA92AFB5CFA,28,0,1,26,1,2457,11507
F800029DDB3078A4ACD9D1E1013194A260760A185FBC6C68C341210E7D25CE7D,1,0,0,0,1,290,724
F990B3C04B0A8FBD605290E594BAFF10C3A343C74D3440A3D5E2779B6351AA8B,1,0,0,0,1,713,2608
F9C7ACEA968AD0EE6916BD6C618BBBA40C1CE14D23392DA48DEC61291DED3688,1,0,0,1,0,1351,4287
F9E362D00DCAEEA4BD7C02056F91D93416A9BA294B53B21C2B367275B9E9F4BC,1,0,0,0,1,976,2948
FAAA6F62997001E83732EF991EA4A16F2F0E60901ED32126BEF9B07B6DC05904,1,1,0,0,0,3184,16609
FB297D2FD730B512BCB53EC5FDCF5735C10B83B5B5FE30F7628533A76B4761FF,1,1,0,0,0,1208,5956
FC0B2CB4DBF759EEDE56D1DBC96F7485FBC80CC999CE96FA92B849D77C9BD8E0,1,1,0,0,0,1236,3383
FC7F327EC737135377DCA947B95A612B5E9B2C7CA05DAC09435144E101BD90DA,1,0,0,1,0,3033,16298
FC82FFB72D4667A0328500DFCF566A27AACFEE718D79FE833F11FC989E53A7A8,1,1,0,0,0,713,2607
FD40C06F94A5285E6382FB475C7405017DAF478D5011F73F72144E2953261C26,1,0,0,0,1,947,4050
FE0CD5660BAC7B942ACE596D434441A29B7D8E4412D99B0CAE463B416CE9E765,1,0,0,1,0,927,3313
FE2BEA56C8DE11B0CFFA088D39F2FF110D47CF0C2A8A728C262E6731A4E2B20E,1,0,0,1,0,541,1243
FED091D19342E39DD4FD6AD634ED53604CEAF06CDEC5EE96E95527E183D78496,2,0,0,1,1,484,1445
FF7EF0AA94228D8347B869A280884E95A9EF52B590D48DAF1066ABDD2BFD95C2,1,0,0,0,1,752,2906
FFF5E3563C7B40E0E046DF1EB065DF2E985ADDBADC85D0995097F936033E550D,1,1,0,0,0,403,1249
